Eastside Hockey Manager,1295.00
Baldur's Gate II Enhanced Edition,475.26
FIFA Manager 09,411.00
Perpetuum,400.98
Football Manager 2014,391.98
Football Manager 2012,390.45
Football Manager 2010,375.05
Football Manager 2011,365.70
Freaking Meatbags,331.00
Out of the Park Baseball 16,330.40
Football Manager 2015,315.36
Football Manager 2013,310.66
FINAL FANTASY XIV A Realm Reborn,300.84
Worldwide Soccer Manager 2009,295.00
X-Plane 10 Global - 64 Bit,268.02
NOBUNAGA'S AMBITION Kakushin with Power Up Kit,267.00
Counter-Strike,236.38
Counter-Strike Global Offensive,234.40
FIFA Manager 11,229.00
Avernum 4,228.00
MLB 2K10,228.00
Avernum 5,222.00
Marvel Puzzle Quest,211.29
Sword of the Stars Complete Collection,209.55
Pro Evolution Soccer 2015,208.38
Dota 2,202.79
Europa Universalis IV,195.18
Cultures - Northland,194.00
Football Manager 2009,185.86
Silent Hunter Wolves of the Pacific U-Boat Missions,185.00
King's Bounty Dark Side,183.00
Mount & Blade Warband,182.63
Uncharted Waters Online,181.00
Sid Meier's Civilization V,180.18
Disciples III Reincarnation,179.15
Pro Cycling Manager 2014,177.50
Scarygirl,173.00
Silent Hunter Wolves of the Pacific,172.40
Imperial Glory,170.00
Prime World,169.04
Movie Studio 13 Platinum - Steam Powered,166.00
Stargate Resistance,162.00
Sid Meier's Civilization IV Beyond the Sword,161.59
Empires,156.10
King's Bounty Warriors of the North,153.26
Arma 3,153.22
Supreme Ruler Cold War,150.13
STORM Frontline Nation,149.48
Nobunaga's Ambition Souzou with Power Up Kit,148.33
Guild Wars,147.92
Call of Duty Modern Warfare 2 - Multiplayer,144.36
The Treasures of Montezuma 4,138.60
Out of the Park Baseball 15,137.30
Total War ROME II - Emperor Edition,136.55
NBA 2K15,135.73
Baldur's Gate Enhanced Edition,134.56
Counter-Strike Source,134.37
Distant Worlds Universe,132.00
Battle Nations,131.40
Eschalon Book 2,128.00
Sigils of Elohim,127.40
Winning Post 8 2015,127.00
Fieldrunners 2,124.53
Mabinogi,124.04
Bard's Gold,119.00
Crusader Kings II,118.69
Shattered Union,116.00
Pro Cycling Manager 2013,107.67
OMSI 2,107.56
MLB 2K11,107.00
Call of Duty Modern Warfare 3 - Multiplayer,105.12
The Elder Scrolls V Skyrim,104.71
Might & Magic Duel of Champions,104.66
Out of the Park Baseball 14,103.00
Might & Magic Heroes VI,100.96
Kingdoms CCG,100.40
Stronghold Kingdoms,100.07
Nightbanes,99.00
Empire Total War,98.27
Build-A-Lot 4,97.00
Glare,95.00
Blood Bowl Chaos Edition,94.02
Call of Duty United Offensive,93.53
NBA 2K14,93.22
Anno Online,93.03
Disciples III Renaissance,92.35
Might & Magic Heroes VII,91.80
Call of Duty Black Ops II - Multiplayer,91.50
NBA 2K12,91.25
Chocolatier Decadence by Design,90.00
Clicker Heroes,89.84
Action! - Gameplay Recording and Streaming,89.67
Don Bradman Cricket 14,89.00
Crusaders of the Lost Idols,88.41
Total War SHOGUN 2,88.05
DARK SOULS II,87.24
Call of Duty Black Ops - Multiplayer,86.59
ARK Survival Evolved,86.03
Grotesque Tactics 2 - Dungeons and Donuts,86.00
Avernum Escape From the Pit,85.67
Grand Theft Auto V,85.34
Football Manager 2016,85.06
Mutant Mudds Deluxe,84.95
Supreme Commander Forged Alliance,84.92
The Binding of Isaac Rebirth,84.19
Heroes of Might & Magic V Tribes of the East,83.78
Age of Empires Online,83.20
NBA 2K16,82.77
DayZ,82.58
Avernum 6,80.00
Black Ink,79.77
Making History The Calm & The Storm,79.00
Rooms The Unsolvable Puzzle,78.00
BlazBlue Continuum Shift Extend,77.93
Team Fortress 2,74.76
Garry's Mod,74.66
Dragon Age II,74.56
Elite Dangerous,74.42
Sword of the Stars II Enhanced Edition,74.18
Napoleon Total War,73.82
Rust,73.79
Total War ATTILA,73.74
Warhammer 40000 Dawn of War II  Retribution,72.23
METAL GEAR SOLID V THE PHANTOM PAIN,71.99
The Jackbox Party Pack,71.83
Farming Simulator 15,70.70
Star Trek Online,70.02
Drakensang,69.45
Rocksmith 2014,69.26
Delta Force Black Hawk Down - Team Sabre,69.00
Men of War Assault Squad 2,69.00
Mortal Kombat X,68.37
liteCam Game 100 FPS Game Capture,68.00
Europa Universalis III,67.69
APB Reloaded,66.94
Farming Simulator 2013,66.85
Kenshi,66.67
Kingdom Rush,65.30
Terraria,65.11
MLB 2K12,64.57
Fallout 4,64.45
Warframe,63.86
Uncharted Waters Online Gran Atlas,63.45
The Witcher 3 Wild Hunt,63.34
Men of War Assault Squad,62.98
Assassin's Creed Rogue,62.00
UFO Extraterrestrials Gold,62.00
King's Bounty Crossworlds,61.77
Hearts of Iron II Complete,60.87
Dragon Age Origins,60.86
BookWorm Adventures Volume 2,60.25
Battlefield Bad Company 2,60.17
Assassin's Creed IV Black Flag,59.82
Pro Evolution Soccer 2014,59.63
Train Simulator,59.51
Kerbal Space Program,59.27
F1 2012,59.24
Borderlands 2,58.73
Primal Carnage Extinction,58.44
The Incredible Adventures of Van Helsing Final Cut,58.00
Hearts of Iron III,57.29
Eschalon Book 1,57.00
NOBUNAGA'S AMBITION Sphere of Influence,55.77
RPG Maker MV,55.00
The Crew,55.00
Farming Simulator 2011,54.75
Pro Evolution Soccer 2016,54.67
Call of Duty Ghosts - Multiplayer,54.35
H1Z1,53.75
LEGO MARVEL Super Heroes,53.48
Path of Exile,53.33
Star Ruler 2,53.20
Rulers of Nations,53.00
Dark Messiah of Might & Magic Multi-Player,52.77
Ragnarok Online 2,52.67
Craft The World,52.61
Rocket League,52.53
RPG Maker 2003,52.40
Victor Vran,51.75
Star Ruler,51.73
Dragon Nest Europe,51.69
Fallout New Vegas,51.68
DARK SOULS II Scholar of the First Sin,51.25
The Sims(TM) 3,51.13
NBA 2K13,50.78
Call of Duty Advanced Warfare - Multiplayer,50.76
Transformice,50.48
PAYDAY 2,50.29
Runers,50.00
East India Company,50.00
Arma 2 Operation Arrowhead,49.89
MotoGP14,48.70
Medieval II Total War Kingdoms,48.49
Galactic Civilizations III,48.48
Borderlands 2 RU,48.06
Breezeblox,48.00
XCOM Enemy Unknown,47.80
Warlock 2 the Exiled,47.70
F1 2013,47.47
War Thunder,47.46
The Age of Decadence,47.00
Sid Meier's Civilization Beyond Earth,46.34
Dungeon Souls,46.20
Emergency 2012,46.00
Expeditions Conquistador,45.88
Zuma's Revenge,45.50
Rising Storm/Red Orchestra 2 Multiplayer,45.48
Assassin's Creed III,45.45
Supreme Commander 2,45.41
Mass Effect 2,44.50
Hotel Giant 2,44.00
Port Royale 2,43.95
Space Engineers,43.80
Wargame Red Dragon,43.60
Plants vs. Zombies Game of the Year,43.35
Dragon Age Origins - Ultimate Edition,43.26
Medieval II Total War,43.21
Neverwinter Nights 2 Platinum,43.20
Dark Souls Prepare to Die Edition,43.08
AdVenture Capitalist,43.03
Sunrider Academy,43.00
Cities XL 2012,42.91
Killing Floor,42.78
Left 4 Dead,42.45
Euro Truck Simulator 2,42.26
Wargame AirLand Battle,42.23
GameMaker Studio,42.06
Left 4 Dead 2,41.94
Gems of War,41.90
7 Days to Die,41.59
RIFT,41.51
Blood Bowl 2,41.28
Victoria II,41.08
The Dreamatorium of Dr. Magnus 2,41.00
On the Rain-Slick Precipice of Darkness Episode Two,40.75
X3 Albion Prelude,40.35
The Elder Scrolls Online Tamriel Unlimited,40.27
X Rebirth,40.00
Knights of Honor,39.80
Hero Academy,39.76
Grand Ages Medieval,39.60
Champions Online,39.35
Starbound,39.32
DRAGON BALL XENOVERSE,39.20
Robin Hood,39.00
Wings of Prey,38.92
Landmark,38.80
Rome Total War,38.65
Runestone Keeper,38.20
Assassin's Creed Revelations,38.17
Call of Duty World at War,37.99
Fallen Enchantress,37.83
Mass Effect,37.82
Borderlands The Pre-Sequel,37.53
Reign Of Kings,37.21
Pillars of Eternity,37.15
Might & Magic X - Legacy,37.07
Ironcast,37.00
Tom Clancy's Ghost Recon Phantoms - NA,36.92
Spiral Knights,36.89
Global Agenda,36.87
Puzzle Quest,36.86
Sakura Clicker,36.83
Dawn of Discovery - Venice,36.52
Ultra Street Fighter IV,36.51
From The Depths,36.50
Call of Duty Black Ops III,36.31
Vampire The Masquerade - Bloodlines,36.12
SpellForce 2 - Faith in Destiny,36.06
Nevermind,36.00
Tesla Effect,36.00
The Musketeers Victoria's Quest,36.00
Tropico 3 Absolute Power,35.91
Eador. Masters of the Broken World,35.87
Far Cry 4,35.76
Hurtworld,35.53
Divinity Original Sin,35.52
Counter-Strike Condition Zero,35.33
Age of Wonders III,35.04
EVE Online,34.89
Battle Islands,34.87
WAKFU,34.87
Rusty Hearts,34.68
Dungeon Defenders,34.38
R.U.S.E,34.31
Age of Empires II HD Edition,34.29
Mount & Blade With Fire and Sword,33.93
Endless Legend,33.90
Torchlight II,33.78
Fable III,33.56
Killing Floor 2,33.23
The LEGO Movie - Videogame,33.15
Arma Combat Operations,33.07
Cossacks Art of War,33.00
NBA 2K9,32.66
Majesty 2,32.62
The Repopulation,32.50
StarDrive 2,32.50
The Binding of Isaac,32.49
Borderlands,32.48
Terra Incognita ~ Chapter One The Descendant,32.20
Assassin's Creed Syndicate,32.13
Freedom Force vs. the 3rd Reich,32.00
You Must Build A Boat,32.00
MLB Front Office Manager,31.97
Earth Defense Force Insect Armageddon,31.97
LIGHTNING RETURNS FINAL FANTASY XIII,31.96
Dragon Nest,31.81
Age of Wonders 2,31.60
I Am Alive,31.36
Call of Duty Black Ops - Multiplayer OSX,31.35
Farming Giant,31.00
Darkest Hour A Hearts of Iron Game,30.90
Stronghold Crusader 2,30.83
Space Pirates and Zombies,30.81
MapleStory,30.66
Sins of a Solar Empire Rebellion,30.43
DC Universe Online,30.36
Banished,30.24
Epic Battle Fantasy 4,30.20
Freedom Fall,30.10
Dragon's Prophet (EU),29.97
TrackMania Valley,29.88
PlanetSide 2,29.71
Sid Meier's Civilization III Complete,29.67
LEGO The Hobbit,29.55
The Elder Scrolls IV Oblivion,29.48
Spore,29.42
Anno 2070,29.42
Endless Space,29.38
Desktop Dungeons,29.30
Day of Defeat Source,29.16
Infestation Survivor Stories,29.15
Call of Duty Modern Warfare 2,29.08
Marvel Heroes 2015,29.01
Magic The Gathering  Duels of the Planeswalkers 2012,28.99
WWE 2K15,28.92
Test Drive Unlimited 2,28.87
Warhammer 40000 Dawn of War II - Chaos Rising,28.72
Dungeons of Dredmor,28.45
Tales of Zestiria,28.44
Return to Castle Wolfenstein,28.41
Zombie Panic Source,28.38
Life is Feudal Your Own,28.35
X2 The Threat,28.17
Far Cry 3,28.04
Fortune Summoners Secret of the Elemental Stone,28.00
Environmental Station Alpha,28.00
Assassin's Creed II,27.90
Cities Skylines,27.84
Blackguards 2,27.83
ArcheAge,27.74
Dying Light,27.66
Magic 2014,27.65
Blood Bowl Legendary Edition,27.61
Pro Cycling Manager 2015,27.57
Warhammer 40000 Dawn of War  Dark Crusade,27.17
The Witcher Enhanced Edition,27.15
Saints Row 2,27.11
America's Army Proving Grounds,27.00
Hidden Object Bundle 4 in 1,27.00
Ancient Space,27.00
Naval War Arctic Circle,27.00
Spintires,26.97
Prison Architect,26.80
Icewind Dale Enhanced Edition,26.75
Sniper Elite,26.71
Fallen Earth,26.57
Broforce,26.48
Red Orchestra Ostfront 41-45,26.35
Medal of Honor Airborne,26.33
Unreal Tournament Game of the Year Edition,26.32
Kingdoms of Amalur Reckoning,26.26
Democracy 2,26.20
Warhammer 40000 Dawn of War II,26.09
Sacred 3,26.08
Fairy Fencer F,26.05
Crawl,26.00
Dungeons & Dragons Online,26.00
GamersGoMakers,26.00
Wolfenstein,26.00
Deus Ex Human Revolution,26.00
Call of Duty Modern Warfare 3,25.80
Natural Selection 2,25.76
Gnomoria,25.75
FINAL FANTASY VIII,25.75
Construction-Simulator 2015,25.70
Mountain,25.68
Renowned Explorers International Society,25.50
Wolfenstein The New Order German Edition,25.45
Jagged Alliance - Back in Action,25.44
Legends of Eisenwald,25.40
Tropico 4,25.39
Neverwinter,25.38
LEGO Batman 3 Beyond Gotham,25.28
Darkspore,25.17
FINAL FANTASY XI,25.15
Saints Row The Third,25.15
Mount & Blade,25.09
Call to Arms,25.07
Assassin's Creed Brotherhood,25.04
Memento Mori 2,25.00
Emergency 5 - Deluxe Edition,25.00
SimpleRockets,25.00
Mafia II,24.94
Magic 2015,24.88
Patrician IV Rise of a Dynasty,24.80
Shadowgate,24.80
Outcast 1.1,24.70
Franchise Hockey Manager 2014,24.67
Silent Hunter 5 Battle of the Atlantic,24.60
X3 Reunion,24.60
Eufloria,24.58
Primal Carnage,24.46
Battle of Empires  1914-1918,24.40
Dead State,24.10
Men of War,24.01
Secret Files Puritas Cordis,24.00
FINAL FANTASY VII,24.00
PROTOTYPE 2,23.98
Middle-earth Shadow of Mordor,23.96
TrackMania Stadium,23.83
Tom Clancy's Ghost Recon Phantoms - EU,23.61
Cities in Motion,23.60
Restaurant Empire II,23.60
LEGO Harry Potter Years 5-7,23.50
Basement,23.23
Eldevin,23.23
Agricultural Simulator 2013 Steam Edition,23.20
Evolve,23.13
Sleeping Dogs,23.13
Tom Clancy's Rainbow Six Siege,23.11
The Settlers 7 Paths to a Kingdom,23.10
Warrior Kings Battles,23.00
The Swindle,23.00
Wizardry 7 Crusaders of the Dark Savant,23.00
Global Agenda - Beta,23.00
Hegemony III Clash of the Ancients,23.00
Music Creator 6 Touch,23.00
Don't Starve,22.81
Darkest Hour Europe '44-'45,22.80
Wargame European Escalation,22.74
Sorcerer King,22.70
GRID,22.67
Batman Arkham City,22.60
Frontline Tactics,22.57
Majesty 2 Collection,22.52
Torchlight,22.52
Company of Heroes 2,22.47
Heroes of Hellas 3 Athens,22.45
The Secret World,22.42
Wasteland 2,22.36
Robocraft,22.35
Crysis 2,22.34
Awesomenauts,22.13
Crypt of the NecroDancer,22.09
Anno 2205,22.00
Qvadriga,22.00
Captain Forever Remix,22.00
Aion Collectors Edition,22.00
Comanche 4,22.00
Cloud Chamber,22.00
H1Z1 Test Server,21.91
Geometry Dash,21.90
Penny Arcade's On the Rain-Slick Precipice of Darkness 4,21.90
The Political Machine,21.82
FINAL FANTASY XIII,21.63
RIDE Game,21.60
Resident Evil 6 / Biohazard 6,21.56
theHunter Primal,21.48
Batman Arkham Asylum,21.40
Sonic Generations,21.38
Magic The Gathering - Duels of the Planeswalkers,21.30
Might & Magic Clash of Heroes,21.26
Bloons TD5,21.20
Sword Coast Legends,21.20
STAR WARS Knights of the Old Republic II The Sith Lords,21.16
Darkest Dungeon,21.12
Sniper Elite 3,21.11
Puzzle Pirates,21.10
Rayman Legends,21.09
Infinifactory,21.05
Adventurer Manager,21.00
Sweet Lily Dreams,21.00
R.B.I. Baseball 15,21.00
3DMark Vantage,21.00
Broken Sword 4 - the Angel of Death,21.00
Triple Town,21.00
Tryst,21.00
IL-2 Sturmovik Cliffs of Dover,20.91
Max Payne 3,20.88
HuniePop,20.82
Grand Theft Auto IV,20.74
SimCity 4 Deluxe,20.68
The Lord of the Rings Online,20.58
Divinity II - The Dragon Knight Saga,20.55
Chivalry Medieval Warfare,20.54
Age of Conan Unchained - EU version,20.53
ShootMania Storm,20.50
Deponia The Complete Journey,20.40
Call of Duty 4 Modern Warfare,20.40
Mortal Kombat Komplete Edition,20.37
Valdis Story Abyssal City,20.29
TERA,20.24
Forsaken World,20.20
Assassins Creed Unity,20.18
Portal 2,20.13
DYNASTY WARRIORS 8 Xtreme Legends Complete Edition,20.11
The Curious Expedition,20.00
Gothic 3,19.94
Batman Arkham Origins,19.92
Stardust Vanguards,19.90
Saints Row IV,19.87
Blackguards,19.82
Squirreltopia,19.70
Risen 2 - Dark Waters,19.66
Fallout 3 - Game of the Year Edition,19.66
Trials Fusion,19.61
Dishonored,19.60
S.T.A.L.K.E.R. Call of Pripyat,19.50
Supreme Ruler 2020 Gold,19.50
Company of Heroes (New Steam Version),19.50
S.T.A.L.K.E.R. Clear Sky,19.47
Tropico 5,19.46
Microsoft Flight Simulator X Steam Edition,19.42
Train Fever,19.41
Galactic Civilizations I Ultimate Edition,19.37
The Elder Scrolls III Morrowind,19.27
Cricket Revolution,19.20
Super Panda Adventures,19.20
Mad Games Tycoon,19.20
Wolfenstein The New Order,19.20
Darksiders II,19.15
The Witcher 2 Assassins of Kings Enhanced Edition,19.14
Puzzler World 2,19.10
Tales of Maj'Eyal,19.07
Batman Arkham City GOTY,19.05
Trove,19.05
F1 2015,18.90
Rampage Knights,18.87
Tom Clancy's Ghost Recon Future Soldier,18.81
RollerCoaster Tycoon 3 Platinum!,18.80
Warlock - Master of the Arcane,18.76
Half-Life 2 Deathmatch,18.75
Sid Meier's Civilization IV,18.74
Bookworm Adventures Deluxe,18.73
NARUTO SHIPPUDEN Ultimate Ninja STORM 3 Full Burst,18.71
Lost Horizon,18.63
Railroad Tycoon 2 Platinum,18.62
Darkstone,18.60
Tom Clancy's Ghost Recon Advanced Warfighter,18.60
Just Cause 2,18.59
London 2012 The Official Video Game of the Olympic Games,18.55
Command and Conquer Red Alert 3,18.53
F1 2010,18.52
Warhammer End Times - Vermintide,18.49
RPG Maker VX Ace,18.49
Titan Quest Immortal Throne,18.48
Defense Grid The Awakening,18.43
FTL Faster Than Light,18.38
RAGE,18.30
StarMade,18.30
Stranded Deep,18.27
FarSky,18.25
Combat Arms,18.20
Empyrion - Galactic Survival,18.19
Fallout 3,18.15
Castlevania Lords of Shadow 2,18.06
StarDrive,18.00
Duck Game,17.91
Age of Wonders Shadow Magic,17.90
Dishonored (RU),17.84
Football Superstars,17.80
Echo of Soul,17.77
The Talos Principle,17.75
Watch_Dogs,17.72
Mini Metro,17.70
Jade Empire Special Edition,17.45
Prototype,17.41
BioShock Infinite,17.40
Hero Siege,17.37
Caribbean!,17.30
The Amazing Spider-Man 2,17.23
Omerta - City of Gangsters,17.22
Soul Gambler,17.17
Black Mesa,17.16
Age of Empires III Complete Collection,17.13
Call of Duty Black Ops,17.07
Fallen Enchantress Legendary Heroes,17.02
Petz Horsez 2,17.00
Spore Galactic Adventures,16.96
Mad Max,16.95
Grim Dawn,16.92
DOOM 3 BFG Edition,16.90
Tom Clancy's Splinter Cell Blacklist,16.88
The Lord of the Rings War in the North,16.86
Grand Theft Auto Episodes from Liberty City,16.84
Beasts of Prey,16.82
South Park The Stick of Truth,16.81
Mordheim City of the Damned,16.80
Evil Genius,16.79
Anno 1404 Venice,16.75
Age of Chivalry,16.72
Skyward Collapse,16.70
Company of Heroes Opposing Fronts,16.66
EVGA PrecisionX 16,16.61
The Masterplan,16.60
Windward,16.57
War of the Roses,16.56
GRID 2,16.56
Tree of Life,16.50
Super Monday Night Combat,16.46
Magic The Gathering - Duels of the Planeswalkers 2013,16.43
Cities XXL,16.43
Age of Wonders,16.40
Talisman Digital Edition,16.40
Disney Infinity 2.0,16.40
Tom Clancy's Splinter Cell Conviction,16.40
Supreme Commander,16.35
FINAL FANTASY III,16.35
Port Royale 3,16.31
Impire,16.30
Dead or Alive 5 Last Round,16.30
Antisquad,16.20
Overlord Raising Hell,16.20
Toy Soldiers,16.19
Majesty Gold Edition,16.10
Patrician IV Steam Special Edition,16.09
Ori and the Blind Forest,16.03
Football Tactics,16.00
Warhammer 40000 Space Marine,15.98
The Last Remnant,15.98
Pinball FX2,15.97
Time Clickers,15.96
Pirates of Black Cove,15.95
Trials Evolution Gold Edition,15.94
Sins of a Solar Empire Trinity,15.91
The Witcher Adventure Game,15.90
Party Hard,15.90
Spec Ops The Line,15.87
Insurgency,15.87
IL-2 Sturmovik Battle of Stalingrad,15.85
Audiosurf 2,15.76
F1 2011,15.74
Assetto Corsa,15.74
L.A. Noire,15.70
Planet Explorers,15.70
Block Story,15.70
Agarest Generations of War,15.69
LEGO Jurassic World,15.66
Guild Wars Game of the Year,15.65
Tomb Raider,15.61
Blacklight Retribution,15.57
The Walking Dead,15.46
Ship Simulator Extremes,15.43
Defiance,15.42
Wallace & Gromit Ep 2 The Last Resort,15.40
Guild of Dungeoneering,15.37
Battlestations Pacific,15.32
Wildlife Park 2,15.30
Just Cause 3,15.30
Bejeweled 3,15.26
Millie,15.20
Shadowrun Hong Kong,15.18
Game of Thrones - A Telltale Games Series,15.12
Batman Arkham Knight,15.10
Unturned,15.06
NARUTO SHIPPUDEN Ultimate Ninja STORM Revolution,15.05
The Banner Saga,14.99
Star Wars Knights of the Old Republic,14.97
Divinity II - Ego Draconis,14.95
Gravity Badgers,14.90
4 Elements,14.85
The Sims(TM) Medieval,14.85
X-COM Terror from the Deep,14.82
TerraTech,14.82
Hate Plus,14.80
Minimon,14.80
Pongo,14.80
RPG Maker XP,14.70
Xenonauts,14.62
Lords Of The Fallen,14.61
Sky Nations,14.60
Battle Academy,14.60
The Settlers 7 Paths to a Kingdom - Gold Edition,14.60
King's Bounty Armored Princess,14.57
The Movies,14.50
Dungeons 2,14.48
Town of Salem,14.42
The Impossible Game,14.40
Nostradamus The Last Prophecy,14.40
Deus Ex Human Revolution - Director's Cut,14.39
Day of Defeat,14.38
The Jackbox Party Pack 2,14.30
Joe Dever's Lone Wolf HD Remastered,14.30
Planets Under Attack,14.30
Broken Sword 5 - the Serpent's Curse,14.30
LEGO Batman 2,14.22
Anno 1404,14.22
GRAV,14.21
State of Decay,14.17
Magicite,14.16
Project CARS,14.13
Shift 2 Unleashed,14.12
DiRT 3,14.12
Overlord,14.11
Painkiller Gold Edition,14.10
Cricket Captain 2014,14.10
Shadowrun Dragonfall - Director's Cut,14.08
You Need A Budget 4 (YNAB),14.06
Tropico 3 - Steam Special Edition,14.02
Point Perfect,14.00
Two Worlds II,14.00
DarkStar One,13.97
Dead Island,13.91
S.T.A.L.K.E.R. Shadow of Chernobyl,13.91
Iesabel,13.90
Blood Bowl Dark Elves Edition,13.90
Undertale,13.89
Software Inc.,13.86
Higurashi When They Cry - Ch.1 Onikakushi,13.80
Legend of Dungeon Masters,13.80
Rogue Legacy,13.76
Besiege,13.75
Life Is Strange,13.69
Prince of Persia The Forgotten Sands,13.69
Battlefield 2,13.66
Source Filmmaker,13.66
Risen 3 - Titan Lords,13.62
Elsword,13.62
Skyscraper Simulator,13.60
Section 8,13.57
Don't Starve Together Beta,13.55
The Book of Unwritten Tales 2,13.50
The Book of Unwritten Tales The Critter Chronicles,13.50
Risen,13.47
Recettear An Item Shop's Tale,13.46
Gas Guzzlers Extreme,13.43
Sheltered,13.38
SpeedRunners,13.38
3DMark,13.38
This War of Mine,13.37
Sniper Ghost Warrior,13.35
Nancy Drew The White Wolf of Icicle Creek,13.30
Metro Last Light,13.28
If My Heart Had Wings,13.25
Homefront,13.24
The Forest,13.24
RollerCoaster Tycoon Deluxe,13.21
Survivalist,13.20
FATE,13.20
Fight The Dragon,13.18
Gang Beasts,13.17
The Legend of Heroes Trails in the Sky,13.14
Darksiders,13.13
Space Rangers HD A War Apart,13.12
Company of Heroes Tales of Valor,13.11
Grotesque Tactics Evil Heroes,13.10
Borderless Gaming,13.10
Demigod,13.09
Offworld Trading Company,13.08
Reassembly,13.07
Bulletstorm,13.03
Age of Mythology Extended Edition,13.01
The Escapists,13.00
Heroes of Might & Magic III - HD Edition,13.00
Sometimes Success Requires Sacrifice,12.95
March of the Eagles,12.92
GemCraft - Chasing Shadows,12.90
Dead Rising 2 Off the Record,12.90
HAWKEN,12.88
Sleeping Dogs Definitive Edition,12.78
Orcs Must Die! 2,12.78
Transformers Fall of Cybertron,12.74
GALAK-Z,12.70
Wallace & Gromit Ep 3 Muzzled!,12.70
Metal Planet,12.70
Rocksmith,12.69
Game of Thrones,12.68
Batman Arkham Asylum GOTY Edition,12.68
MEDIEVAL Total War - Gold Edition,12.63
Warface,12.62
Sherlock Holmes versus Jack the Ripper,12.60
Salt,12.60
Company of Heroes Europe at War,12.60
Gray Matter,12.60
Beyond Space,12.60
Hitman Absolution,12.59
Call of Duty Black Ops II,12.57
Firefall,12.55
Warhammer 40000 Dawn of War  Soulstorm,12.53
Sherlock Holmes Crimes and Punishments,12.50
Aliens vs. Predator,12.49
The Tiny Bang Story,12.47
Arx Fatalis,12.46
LEGO Batman The Videogame,12.43
Cosmonautica,12.43
Castle of Illusion,12.40
The Mighty Quest For Epic Loot,12.39
Command and Conquer 4 Tiberian Twilight,12.38
Shadow Harvest Phantom Ops,12.35
Half-Life 2 Update,12.31
Nancy Drew Shadow at the Water's Edge,12.30
Sid Meier's Starships,12.30
Why So Evil,12.30
Dead Rising 3,12.30
Bound By Flame,12.24
Serious Sam 3 BFE,12.20
Everyday Genius SquareLogic,12.20
Quantum of Solace,12.20
Call of Cthulhu Dark Corners of the Earth,12.20
FINAL FANTASY XIII-2,12.20
New Star Soccer 5,12.20
Game Dev Tycoon,12.20
Magic Duels,12.20
TOME Immortal Arena,12.12
AirMech,12.12
FlatOut Ultimate Carnage,12.12
Bloodline Champions,12.10
EverQuest II,12.10
Oniken,12.10
Call of Duty Black Ops II - Zombies,12.08
Rayman Origins,12.06
Galactic Civilizations II Ultimate Edition,12.01
Amazing Adventures Around the World,12.00
Space Colony,12.00
AKIBA'S TRIP Undead & Undressed,12.00
Half-Life 2,11.97
Planetary Annihilation,11.96
Dead Island Riptide,11.95
DmC Devil May Cry,11.93
King's Bounty The Legend,11.91
Shovel Knight,11.91
Maia,11.90
Alan Wake,11.88
Star Wars Empire at War Gold,11.80
Star Conflict,11.79
Project Zomboid,11.74
Legend of Grimrock,11.71
Squad,11.65
Star Wars Jedi Knight Jedi Academy,11.64
Cradle,11.63
Shadowrun Returns,11.61
Alien Isolation,11.58
Pandora First Contact,11.55
Tales from the Borderlands,11.55
Assassin's Creed,11.54
Keen Dreams,11.50
Dynasty Warriors 8 - Empires,11.50
Command and Conquer 3 Kane's Wrath,11.48
Enemy Front,11.42
Divinity II Developer's Cut,11.41
Panzer Tactics HD,11.40
Sherlock Holmes Nemesis,11.40
World of Mixed Martial Arts 3,11.40
Fallout Tactics,11.40
LISA,11.38
Lifeless Planet,11.34
Tabletop Simulator,11.33
Tap Heroes,11.30
PT Boats Knights of the Sea,11.30
Railroad Pioneer,11.30
The Campaign Series Fall Weiss,11.30
SpellForce Platinum Edition,11.30
The Walking Dead Season Two,11.27
King's Quest,11.23
Fortix 2,11.20
Franchise Hockey Manager 2,11.20
Cities XL Platinum,11.20
Spelunky,11.14
Blade Symphony,11.12
The Incredible Adventures of Van Helsing II,11.11
Absconding Zatwor,11.10
Overlord II,11.08
Homeworld Remastered Collection,11.05
Risk of Rain,11.05
Sid Meier's Civilization IV Warlords,11.03
Dungeon Defenders II,11.02
Pat & Mat,11.00
Sid Meier's Ace Patrol,11.00
Fable - The Lost Chapters,10.99
Rebel Galaxy,10.98
Counter-Strike Nexon Zombies,10.95
Castle Story,10.94
Need for Speed Hot Pursuit,10.94
Phantom Breaker Battle Grounds,10.93
Freight Tycoon Inc.,10.90
Secret Of Magia,10.90
Panzar,10.89
Cities XL 2011,10.87
Grand Ages Rome,10.87
Never Alone (Kisima Ingitchuna),10.82
SOMA,10.81
DeathSpank,10.80
Dex,10.80
The Lady,10.80
Grey Goo,10.80
Fallout 2,10.78
The Long Dark,10.78
Kings Bounty Legions,10.77
DiRT 2,10.76
On the Rain-Slick Precipice of Darkness Episode One,10.72
Lost Planet 3,10.70
Towns,10.70
Championship Manager 2010,10.70
The Incredible Adventures of Van Helsing,10.69
X-COM UFO Defense,10.67
Space Empires IV Deluxe,10.67
Magicka,10.64
Dungeon Defenders Eternity,10.63
America's Army 3,10.62
Nimble Writer,10.60
Agarest Zero,10.60
Call of Duty Black Ops - OSX,10.60
Castle In The Darkness,10.60
Realm of the Mad God,10.57
Escape Goat,10.57
TowerFall Ascension,10.56
DiRT Rally,10.54
Indigo Prophecy,10.50
TyranoBuilder Visual Novel Studio,10.50
Hotline Miami 2 Wrong Number,10.49
The Golf Club,10.45
Grand Theft Auto San Andreas,10.44
Sniper Elite V2,10.43
Ryse Son of Rome,10.41
Depth Hunter 2 Deep Dive,10.40
Sanitarium,10.40
M.U.D. TV,10.40
F.E.A.R. 2 Project Origin,10.39
DUNGEONS - Steam Special Edition,10.36
Injustice Gods Among Us Ultimate Edition,10.35
Emergency 2013,10.35
Aion,10.35
Call of Duty Advanced Warfare,10.29
Plague Inc Evolved,10.26
realMyst Masterpiece Edition,10.25
Rugby League Team Manager 2015,10.25
Bully Scholarship Edition,10.23
Heroes of Might & Magic V,10.19
Gratuitous Space Battles,10.17
War for the Overworld,10.15
Space Hulk Ascension,10.15
FreeStyle2 Street Basketball,10.15
Singularity,10.14
Verdun,10.13
Warhammer 40000 Armageddon,10.10
Ballad of Solar,10.10
Cook Serve Delicious!,10.09
Deadpool,10.08
To End All Wars,10.05
METAL GEAR RISING REVENGEANCE,10.05
Rome Total War - Alexander,10.04
Star Wars - Battlefront II,10.04
Dead Space 2,10.03
Bad Hotel,10.00
Aliens Colonial Marines,9.96
The Book of Unwritten Tales,9.96
Subnautica,9.92
The Wolf Among Us,9.91
Guild Wars Trilogy,9.90
Angels of Fasaria Version 2.0,9.90
Valkyria Chronicles,9.89
Universe at War Earth Assault,9.88
Cave Story+,9.88
Cossacks Back to War,9.88
RollerCoaster Tycoon 2 Triple Thrill Pack,9.86
Heroes & Generals,9.85
Company of Heroes,9.84
Gauntlet,9.84
Broken Age,9.83
Duke Nukem Forever,9.82
Dungeon of the Endless,9.81
RPG Maker 2000,9.80
RUNNING WITH RIFLES,9.80
Resident Evil Revelations 2 / Biohazard Revelations 2,9.79
Need for Speed Undercover,9.68
Planetary Annihilation TITANS,9.65
A.R.E.S. Extinction Agenda EX,9.60
Disciples II Gallean's Return,9.56
Red Faction Guerrilla Steam Edition,9.54
Bloody Good Time,9.53
Stronghold 3,9.53
Skullgirls,9.53
Fable Anniversary,9.51
Letter Quest Grimm's Journey,9.50
Eufloria HD,9.50
The Raven - Legacy of a Master Thief,9.47
Big Pharma,9.47
Mystery PI The Vegas Heist,9.45
MXGP - The Official Motocross Videogame,9.45
Insaniquarium! Deluxe,9.45
Thief,9.38
Invisible Inc.,9.38
Skulls of the Shogun,9.38
Harvest Massive Encounter,9.37
Royal Quest,9.37
Gotham City Impostors Free To Play,9.34
ArtRage Studio Pro,9.30
Warmachine Tactics,9.30
Rogue Shooter The FPS Roguelike,9.30
Command and Conquer 3 Tiberium Wars,9.28
Farm for your Life,9.25
Anna's Quest,9.25
Defense Grid 2,9.25
LYNE,9.24
F1 2014,9.22
Rise of Nations Extended Edition,9.22
Depth,9.20
Super 3-D Noah's Ark,9.20
Parcel,9.20
Strife,9.20
Sid Meier's Railroads!,9.18
Lego Harry Potter,9.18
Survival Postapocalypse Now,9.17
Orcs Must Die!,9.14
Call of Duty Ghosts,9.12
Dawn of Discovery,9.10
RACE 07,9.07
Alien Breed 3 Descent,9.07
Tony Hawk's Pro Skater HD,9.07
Dragon's Prophet,9.07
The Cave,9.05
Transformers War for Cybertron,9.03
Hotel Dash,9.00
Airport Madness World Edition,9.00
Spacebase DF-9,8.99
KickBeat Steam Edition,8.98
Saints Row Gat out of Hell,8.95
Metro 2033,8.95
GRID Autosport,8.93
Unreal Tournament 3 Black Edition,8.92
Starscape,8.90
State of Decay Year-One,8.90
Magical Diary,8.90
Build-A-Lot,8.90
Boid,8.90
Deus Ex Human Revolution - The Missing Link,8.89
Resident Evil 5 / Biohazard 5,8.86
Divinity Original Sin Enhanced Edition,8.86
Metro Last Light Redux,8.85
EasyAntiCheat eSports,8.81
Omegalodon,8.80
Sacred Citadel,8.80
Legends of Aethereus,8.80
Men of War Condemned Heroes,8.80
The Chronicles of Riddick Assault on Dark Athena,8.76
Max Payne 2 The Fall of Max Payne,8.70
Heroes of Might & Magic V Hammers of Fate,8.70
100% Orange Juice,8.70
Pirates Vikings & Knights II,8.69
Unepic,8.68
MASSIVE CHALICE,8.68
Mafia,8.65
Fearless Fantasy,8.65
Infested Planet,8.63
Serious Sam HD The Second Encounter,8.63
Letter Quest Grimm's Journey Remastered,8.60
Crimsonland,8.60
Elven Legacy,8.60
Ether One,8.60
Ultimate General Gettysburg,8.58
Alien Breed Impact,8.58
X3 Terran Conflict,8.57
SpaceChem,8.55
The Evil Within,8.55
Mystery P.I. The Lottery Ticket,8.55
Street Fighter IV,8.54
NOT A HERO,8.53
Hydrophobia Prophecy,8.51
Car Mechanic Simulator 2015,8.51
Clockwork Empires,8.50
System Protocol One,8.50
Airport Simulator 2014,8.50
Nuclear Dawn,8.46
Star Traders 4X Empires,8.40
Earth 2150 The Moon Project,8.40
The Night of the Rabbit,8.40
Rebuild 3 Gangs of Deadsville,8.40
Star Wolves 3 Civil War,8.38
Godus,8.37
Prince of Persia Warrior Within,8.37
Tom Clancy's Rainbow Six Vegas 2,8.36
TrackMania United,8.35
Spore Creepy & Cute Parts Pack,8.34
Nancy Drew The Deadly Device,8.30
Burgers,8.30
Gaokao.Love.100Days,8.30
Tea Party Simulator 2015,8.30
The Bureau XCOM Declassified,8.29
Crysis Warhead,8.28
Scribblenauts Unlimited,8.27
Brothers in Arms Road to Hill 30,8.25
Alice Madness Returns,8.21
Painkiller Recurring Evil,8.20
Creativerse,8.20
Atlantica Online,8.20
One Finger Death Punch,8.19
Front Mission Evolved,8.19
Chaos on Deponia,8.17
Legends of Pegasus,8.13
Full Mojo Rampage,8.13
Blades of Time,8.12
Stronghold 2,8.11
Hammerwatch,8.11
Memoir '44 Online,8.10
Manyland,8.10
STAR WARS X-Wing vs. TIE Fighter,8.10
Sam & Max 202 Moai Better Blues,8.10
Community College Hero Trial by Fire,8.10
Audiosurf,8.10
Resident Evil / biohazard HD REMASTER,8.09
March of War,8.05
Half-Life Source,8.03
Divinity Dragon Commander,8.03
Nom Nom Galaxy,8.00
Space Quest Collection,8.00
Faerie Solitaire,7.98
LEGO The Lord of the Rings,7.95
Clive Barker's Jericho,7.95
Half-Life 2 Episode Two,7.94
Space Hulk,7.93
Dungeon Siege,7.91
Loadout,7.91
Obscure,7.90
Kohan Immortal Sovereigns,7.90
GunZ 2 The Second Duel,7.88
Ys Origin,7.84
SMITE,7.83
Kingdom Wars,7.83
Devilian,7.82
Zombie Grinder,7.80
Men of War Vietnam,7.80
Incoming Forces,7.80
Mishap An Accidental Haunting,7.80
Steredenn,7.80
Grow Home,7.79
Child of Light,7.79
Dark Messiah of Might & Magic Single Player,7.78
Ticket to Ride,7.78
THE KING OF FIGHTERS 2002 UNLIMITED MATCH,7.75
MacGuffin's Curse,7.75
F.E.A.R. 3,7.74
Stronghold Crusader HD,7.73
Nosgoth,7.72
Star Wars - Jedi Knight II Jedi Outcast,7.71
F.E.A.R. Extraction Point,7.70
Overture,7.70
Love,7.70
Nether,7.69
The Amazing Spider-Man,7.67
Trine 3 The Artifacts of Power,7.65
Distance,7.64
The Maw,7.64
Just Cause 2 Multiplayer Mod,7.63
BioShock,7.62
Silent Storm Sentinels,7.60
ToCA Race Driver 3,7.60
City of Heroes,7.60
Blazing Angels Squadrons of WWII,7.60
Axiom Verge,7.58
Sunless Sea,7.57
La Tale,7.57
The Albino Hunter,7.57
Mercenary Kings,7.56
Synergy,7.55
Merchants of Kaidan,7.55
MicroVolts Surge,7.54
Secrets of Grindea,7.53
Fairy Bloom Freesia,7.53
Little Inferno,7.53
BioShock 2,7.53
The Testament of Sherlock Holmes,7.52
Take On Helicopters,7.51
Spectraball,7.50
Cubemen 2,7.50
Lilly Looking Through,7.50
Star Wars - Jedi Knight Mysteries of the Sith,7.50
Prince of Persia The Two Thrones,7.50
PAYDAY The Heist,7.50
QuestRun,7.48
Starpoint Gemini 2,7.47
Ys The Oath in Felghana,7.47
Stronghold Crusader Extreme HD,7.46
Worms Reloaded,7.43
BRINK,7.42
Nancy Drew The Captive Curse,7.40
Cast of the Seven Godsends,7.40
Lumino City,7.40
Farming Simulator 2013 - Modding Tutorials,7.40
Devil May Cry 4 Special Edition,7.37
Ace of Spades,7.34
Guns of Icarus Online,7.32
Stonehearth,7.30
The Walking Dead Survival Instinct,7.30
Dust An Elysian Tail,7.30
Soldier Front 2,7.27
A New Beginning - Final Cut,7.27
Blitzkrieg 2 Anthology,7.27
Call of Juarez Gunslinger,7.26
Tom Clancy's H.A.W.X.,7.25
GoD Factory Wingmen,7.25
Command and Conquer Red Alert 3 - Uprising,7.25
Of Orcs And Men,7.23
METAL GEAR SOLID V GROUND ZEROES,7.23
The Guild II Renaissance,7.22
Wolfenstein The Old Blood,7.21
The Darkness II,7.20
Buccaneer The Pursuit of Infamy,7.20
Nancy Drew Tomb of the Lost Queen,7.20
Grim Legends The Forsaken Bride,7.20
METAL SLUG X,7.20
Nancy Drew Danger By Design,7.20
Cloudberry Kingdom,7.20
Rotieer,7.20
Roguelands,7.20
Fallout,7.15
Influent,7.15
Blur,7.14
Midnight Club II,7.13
Dirty Bomb,7.13
Two Worlds Epic Edition,7.12
Goat Simulator,7.10
Take On Mars,7.10
The Stomping Land,7.09
Far Cry 3 Blood Dragon,7.07
The Ball,7.06
Hand Of Fate,7.06
Sid Meier's Pirates!,7.06
Brawlhalla,7.06
Zack Zero,7.03
Cargo! - The quest for gravity,7.00
Dig or Die,7.00
TransOcean The Shipping Company,7.00
Lego Star Wars 3 The Clone Wars,7.00
Traps N' Gemstones,7.00
Armello,7.00
Enemy Territory Quake Wars,7.00
Starlaxis Supernova Edition,7.00
Galaxy on Fire 2 Full HD,6.99
How to Survive,6.99
Worms Revolution,6.98
Tomb Raider Underworld,6.98
Star Wars Jedi Knight Dark Forces II,6.97
Monday Night Combat,6.97
Brilliant Bob,6.95
Dragon Quest Heroes,6.95
Bardbarian,6.95
GTR Evolution,6.93
Crysis,6.91
DARK,6.90
Last Word,6.90
BookWorm Deluxe,6.90
Enforcer Police Crime Action,6.90
Crysis 2 Maximum Edition,6.89
resident evil 4 / biohazard 4,6.86
BeamNG.drive,6.85
Castaway Paradise,6.80
Abyss The Wraiths of Eden,6.80
Jagged Alliance 2 - Wildfire,6.80
Descent,6.80
Miscreated,6.78
Monkey Island 2 Special Edition,6.77
Wolfenstein The Old Blood German Edition,6.75
Sniper Ghost Warrior 2,6.70
Cabela's Big Game Hunter Pro Hunts,6.70
Empire TV Tycoon,6.70
Holy Potatoes! A Weapon Shop?!,6.70
WTFast Gamers Private Network (GPN),6.70
Greyfox,6.70
Gorky 17,6.70
Skullgirls Endless Beta,6.70
Nancy Drew Curse of Blackmoor Manor,6.70
Salvation Prophecy,6.70
Disciples Sacred Lands Gold,6.70
Chroma Squad,6.70
Nation Red,6.69
From Dust,6.68
Metro 2033 Redux,6.68
AION Free-to-Play,6.67
Shoot Many Robots,6.64
Wind of Luck Arena,6.64
Minecraft Story Mode - A Telltale Games Series,6.63
The Dark Eye Chains of Satinav,6.60
Full Spectrum Warrior,6.60
Magic Barrage - Bitferno,6.60
Hard Truck Apocalypse / Ex Machina,6.60
BloodRayne,6.60
The Gate,6.60
Puzzle Quest Galactrix,6.60
UFO Aftermath,6.60
Contraption Maker,6.60
Deponia,6.59
Lambda Wars Beta,6.59
Starbound - Unstable,6.57
Arma 2 Operation Arrowhead Beta (Obsolete),6.57
Castle Crashers,6.55
Call of Juarez The Cartel,6.55
RaceRoom Racing Experience,6.55
12 Labours of Hercules III Girl Power,6.53
War the Game,6.50
Bob Was Hungry,6.50
Magic The Gathering  Tactics,6.50
Overgrowth,6.50
Ship Simulator Maritime Search and Rescue,6.50
The Adventures of Tree,6.50
Vindictus,6.47
The Fifth Day,6.45
Carmageddon 2 Carpocalypse Now,6.45
Firefighters 2014,6.45
Infinity Wars - Animated Trading Card Game,6.41
SPACECOM,6.40
Doodle God,6.40
Mega Man Legacy Collection,6.40
Trine 2,6.39
Devil May Cry 4,6.37
Shufflepuck Cantina Deluxe VR,6.37
District 187,6.37
TIS-100,6.35
Dungeon Siege III,6.35
Heroes of Scene,6.32
Chuzzle Deluxe,6.30
War in a Box Paper Tanks,6.30
Lakeview Cabin Collection,6.28
Blazing Angels 2 Secret Missions of WWII,6.27
Resident Evil Revelations / Biohazard Revelations,6.26
Legend of Grimrock 2,6.26
Rising World,6.25
Medal of Honor(TM) Multiplayer,6.25
Imperium Romanum Gold Edition,6.22
Rivals of Aether,6.20
Rune Classic,6.20
Automation - The Car Company Tycoon Game,6.20
Fiesta Online,6.20
Airline Tycoon 2,6.20
Fatty Maze's Adventures,6.20
King Arthur II - The Role-playing Wargame,6.19
Grim Fandango Remastered,6.19
Pixel Piracy,6.19
Battlestations Midway,6.18
Octodad Dadliest Catch,6.17
Hatoful Boyfriend,6.16
Anoxemia,6.15
Arctic Combat,6.13
Defender's Quest Valley of the Forgotten,6.12
Insurgency Modern Infantry Combat,6.11
Krater,6.10
Mainland,6.10
Sam & Max 205 What's New Beelzebub?,6.10
Tales of Monkey Island Chapter 3 - Lair of the Leviathan,6.10
Bastion,6.09
A Game of Thrones - Genesis,6.09
Dead Rising 2,6.08
Warhammer 40000 Dawn of War - Game of the Year Edition,6.07
Brtal Legend,6.06
Minimum,6.06
Gotham City Impostors,6.06
Satellite Reign,6.06
Creeper World 3 Arc Eternal,6.05
LEGO Worlds,6.04
DeathSpank Thongs Of Virtue,6.03
Cryostasis,6.03
Frozen Synapse,6.00
Shadow Warrior,6.00
NyxQuest,6.00
Hegemony Rome The Rise of Caesar,6.00
Lost Saga North America,6.00
Finn and Jake's Epic Quest,6.00
War of the Vikings,6.00
Monochroma,6.00
Prime World Defenders,6.00
Call of Juarez,6.00
Remember Me,5.98
Carmageddon Reincarnation,5.97
Mark of the Ninja,5.97
ArcaniA,5.97
Death Rally,5.97
Guacamelee! Gold Edition,5.96
Hazard Ops,5.96
Multiwinia,5.95
Jack Lumber,5.93
Divekick,5.93
Turbo Dismount,5.93
Nuclear Throne,5.93
Zombies Monsters Robots,5.92
CastleStorm,5.92
BattleBlock Theater,5.90
Nancy Drew The Haunted Carousel,5.90
1953 NATO vs Warsaw Pact,5.90
Enigmatis 2 The Mists of Ravenwood,5.90
Rising Angels Reborn,5.90
Return to Mysterious Island 2,5.90
Super Puzzle Platformer Deluxe,5.90
Nightmares from the Deep 3 Davy Jones,5.90
MechWarrior Online,5.90
Sonic Adventure 2,5.86
F.E.A.R.,5.86
Driver San Francisco,5.85
Dead Island Epidemic,5.84
Earth 2160,5.84
Atom Zombie Smasher,5.83
Far Cry 2,5.81
Poker Night at the Inventory,5.81
18 Wheels of Steel American Long Haul,5.80
Nancy Drew Warnings at Waverly Academy,5.80
Puzzle Dimension,5.80
East India Company Pirate Bay,5.80
Sonic & All-Stars Racing Transformed,5.79
Folk Tale,5.78
Why So Evil 2 Dystopia,5.77
No Time To Explain Remastered,5.77
Red Faction Armageddon,5.75
Theatre of War,5.75
No More Room in Hell,5.74
Transistor,5.74
Half-Life,5.74
Sanctum 2,5.74
Eden Star  Destroy - Build - Protect,5.73
Burnout Paradise The Ultimate Box,5.73
Viscera Cleanup Detail,5.71
Half-Life 2 Episode One,5.70
Broken Sword 2 - the Smoking Mirror Remastered,5.70
Abandoned Chestnut Lodge Asylum,5.70
Into the Dark,5.70
OlliOlli,5.70
Stellar Impact,5.70
Conflict Denied Ops,5.70
Ski Region Simulator,5.70
Hunted The Demon's Forge,5.68
BLOCKADE 3D,5.68
GUILTY GEAR Xrd -SIGN-,5.67
Ascend Hand of Kul,5.66
Castlevania Lords of Shadow - Ultimate Edition,5.66
Men of War Red Tide,5.66
SONIC THE HEDGEHOG 4 Episode II,5.65
Horizon,5.65
Beat Hazard,5.64
Block N Load,5.63
Arma 2,5.62
Universe Sandbox,5.61
Call of Juarez Bound in Blood,5.60
Pro Evolution Soccer 2013,5.60
Desperados - Wanted Dead or Alive,5.60
Robot Rescue Revolution,5.60
The Detail,5.60
Yesterday,5.60
Knights of Pen and Paper +1,5.58
Trine,5.58
Painkiller Black Edition,5.57
Polarity,5.56
StarForge,5.55
iBomber Defense,5.55
Reprisal Universe,5.55
Just Cause,5.55
Brothers in Arms Hell's Highway,5.55
S.K.I.L.L. - Special Force 2,5.54
Teenage Mutant Ninja Turtles Out of the Shadows,5.53
World in Conflict Soviet Assault,5.53
Eldritch,5.53
Stacking,5.52
Hotline Miami,5.51
Azure Striker Gunvolt,5.50
Nancy Drew Ghost of Thornton Hall,5.50
SpaceForce Rogue Universe,5.50
F1 Race Stars,5.47
NEO Scavenger,5.47
Portal,5.47
Fahrenheit Indigo Prophecy Remastered,5.47
Democracy 3,5.46
Soccer Manager 2015,5.46
Altitude,5.45
Dreamfall The Longest Journey,5.45
Broken Sword 1 - Shadow of the Templars Director's Cut,5.44
Scribblenauts Unmasked,5.44
Guns and Robots,5.44
Lucius II,5.43
Nightmares from the Deep 2 The Siren`s Call,5.43
Despair,5.43
Small World 2,5.42
DUNGEONS - The Dark Lord (Steam Special Edition),5.42
DiRT Showdown,5.42
POSTAL 2,5.41
SUPER DISTRO,5.40
King of Dragon Pass,5.40
fault milestone one,5.40
Rugby Challenge 2,5.40
Nancy Drew Danger on Deception Island,5.40
Nancy Drew Ransom of the Seven Ships,5.40
Volgarr the Viking,5.40
Poly Bridge,5.38
The Legend of Korra,5.38
Road Redemption,5.38
Outlast,5.38
GameGuru,5.38
Portal Stories Mel,5.36
Voxelized,5.35
Loadout Campaign Beta,5.35
Ghost Master,5.33
Battlepaths,5.32
Quantum Conundrum,5.32
Star Wars The Force Unleashed Ultimate Sith Edition,5.31
Gothic 3 Forsaken Gods Enhanced Edition,5.30
Bullet Heaven 2,5.30
Rogue Trooper,5.30
Choice Chamber,5.30
Earth 2150 Lost Souls,5.30
Pride of Nations,5.30
Cherry Tree High I! My! Girls!,5.30
Redshirt,5.30
Star Wars The Force Unleashed II,5.30
Kingdom Tales 2,5.25
bit Dungeon II,5.25
Convoy,5.25
Sniper Elite Nazi Zombie Army,5.24
Shattered Horizon,5.23
Penguins Arena Sedna's World,5.22
Alien Swarm,5.21
Everlasting Summer,5.20
The Magic Circle,5.20
Disciples III Resurrection,5.20
Build-A-Lot 2,5.20
The Clockwork Man The Hidden World,5.20
DiRT 3 Complete Edition,5.19
MURDERED SOUL SUSPECT,5.19
Call of Duty 2,5.19
Psychonauts,5.16
Robotex,5.15
Alien Breed 2 Assault,5.14
Dead Realm,5.13
MX vs. ATV Reflex,5.13
Shantae and the Pirate's Curse,5.12
Poker Night 2,5.11
Aura Kingdom,5.11
Aftermath,5.10
Windborne,5.10
Speed Kills,5.10
Diner Dash Hometown Hero,5.10
Geometry Wars 3 Dimensions Evolved,5.10
Autocraft,5.10
Hamlet or the last game without MMORPG features shaders and product placement,5.10
Ys VI The Ark of Napishtim,5.10
9 Clues 2 The Ward,5.10
Reversi,5.10
Nancy Drew Ghost Dogs of Moon Lake,5.10
Portal of Evil Stolen Runes Collector's Edition,5.10
Deus Ex Game of the Year Edition,5.09
ORION Prelude,5.09
X-COM Apocalypse,5.08
SEGA Genesis & Mega Drive Classics,5.08
Amnesia The Dark Descent,5.08
Need for Speed SHIFT,5.07
Max Payne,5.07
Angels Fall First,5.07
The Baconing,5.07
F.E.A.R. Perseus Mandate,5.06
Enigmatis The Ghosts of Maple Creek,5.05
Timberman,5.05
Shadowgrounds,5.05
Hard Reset,5.05
WRC 4 FIA WORLD RALLY CHAMPIONSHIP,5.04
Dead Space,5.04
Camera Obscura,5.03
Lego Star Wars Saga,5.01
Decay - The Mare,5.00
Hector Ep 2,5.00
Ascendant,5.00
An Assassin in Orlandes,5.00
Battle vs Chess,5.00
Medal of Honor(TM) Single Player,4.98
HELLDIVERS,4.98
Solar 2,4.97
Shank 2,4.97
Penumbra Black Plague,4.96
12 Labours of Hercules,4.96
Grand Theft Auto Vice City,4.95
Pox Nora,4.95
Lilly and Sasha Curse of the Immortals,4.95
Chronicles of a Dark Lord Episode 1 Tides of Fate Complete,4.95
Ghostbusters The Video Game,4.94
Mind Path to Thalamus Enhanced Edition,4.93
Sword of the Stars The Pit,4.93
Tribes Ascend,4.93
Pixel Puzzles Japan,4.91
NEKOPARA Vol. 1,4.91
Kane & Lynch 2 Dog Days,4.91
Bloodbath Kavkaz,4.90
Shellshock 2 Blood Trails,4.90
Cloudy with a Chance of Meatballs,4.90
Labyronia RPG,4.90
Amnesia Memories,4.90
Binary Domain,4.90
Door Kickers,4.88
Peggle Deluxe,4.86
CastleMiner Z,4.86
Scourge Outbreak,4.85
Peggle Nights,4.84
Double Action Boogaloo,4.83
World of Guns Gun Disassembly,4.81
Dustforce,4.81
The Otherside,4.80
Assassins Creed Chronicles China,4.80
Mars Colony Challenger,4.80
Mount Your Friends,4.80
WRC Powerslide,4.80
Zeno Clash 2,4.80
Pre-Civilization Marble Age,4.80
Get Off My Lawn!,4.78
Dreamfall Chapters,4.78
Super Sanctum TD,4.78
Batman Arkham Origins Blackgate - Deluxe Edition,4.77
Always Sometimes Monsters,4.76
Valiant Hearts The Great War / Soldats Inconnus  Mmoires de la Grande Guerre,4.76
Startopia,4.75
Full Spectrum Warrior Ten Hammers,4.75
Tales of Monkey Island Chapter 4 - The Trial and Execution of Guybrush Threepwood,4.73
Beyond Good & Evil,4.73
Platypus II,4.73
I am Bread,4.73
Monopoly,4.72
Uncrowded,4.71
Boson X,4.70
Time Mysteries 2 The Ancient Spectres,4.70
Nancy Drew Alibi in Ashes,4.70
The Clans - Saga of the Twins,4.70
3 Stars of Destiny,4.70
Industry Giant 2,4.70
Lords of the Realm II,4.70
Armikrog,4.70
Section 8 Prejudice,4.70
The Few,4.70
Dive to the Titanic,4.70
Sam & Max 106 Bright Side of the Moon,4.70
Melissa K. and the Heart of Gold Collector's Edition,4.70
E.Y.E Divine Cybermancy,4.68
Uplink,4.68
Tower Wars,4.68
Iron Grip Warlord,4.67
Professional Farmer 2014,4.66
Tomb Raider I,4.65
The Incredible Adventures of Van Helsing III,4.65
X-COM Interceptor,4.65
Nightmares from the Deep The Cursed Heart,4.63
Order of War,4.63
Lara Croft and the Temple of Osiris,4.62
The Secret of Monkey Island Special Edition,4.60
Kings of Kung Fu,4.60
Dominions 4,4.60
Age of Conan Rise of the Godslayer,4.60
Fall of the New Age Premium Edition,4.60
The Dead Linger,4.60
FEZ,4.59
HOARD,4.59
Space Run,4.58
Hero of the Kingdom,4.57
Tiny Bridge Ratventure,4.57
Sol Survivor,4.57
Viscera Cleanup Detail Santa's Rampage,4.56
Mini Ninjas,4.50
Ether Vapor Remaster,4.50
Secret Files Sam Peters,4.50
Vagante,4.50
Vlad the Impaler,4.50
Journey Of The Light,4.50
Buzz Aldrin's Space Program Manager,4.50
Starion Tactics,4.50
White Noise Online,4.50
Surgeon Simulator,4.49
Greed Corp,4.48
Stronghold Legends,4.48
Mirror's Edge,4.48
AaAaAA!!! - A Reckless Disregard for Gravity,4.48
Street Fighter X Tekken,4.47
iBomber Defense Pacific,4.47
Toribash,4.47
Red Faction II,4.47
Operation Flashpoint Red River,4.47
Lucius,4.45
Gun Metal,4.45
16bit Trader,4.45
Counter-Strike Condition Zero Deleted Scenes,4.45
Tap Tap Infinity,4.43
Element4l,4.43
All Zombies Must Die!,4.43
Alien Shooter Vengeance,4.43
Rise of Venice,4.42
The Vanishing of Ethan Carter,4.41
Amnesia A Machine for Pigs,4.41
The Undying Plague,4.40
Secret Files Tunguska,4.40
AXYOS,4.40
DuckTales Remastered,4.40
Grim Legends 2 Song of the Dark Swan,4.40
CID The Dummy,4.40
X-note,4.40
Zombie Army Trilogy,4.40
Metro Conflict,4.39
King Arthur - The Role-playing Wargame,4.39
Titan Quest,4.39
Lichdom Battlemage,4.38
Archeblade,4.36
Mars War Logs,4.35
Jagged Alliance Flashback,4.35
Warhammer 40000 Dawn of War  Winter Assault,4.35
Machinarium,4.32
Reus,4.31
Stronghold HD,4.30
Renegade Ops,4.30
TimeShift,4.30
Temper Tantrum,4.30
Virtual Villagers A New Home,4.30
Far Cry,4.30
12 Labours of Hercules II The Cretan Bull,4.29
Aquaria,4.29
Robot Roller-Derby Disco Dodgeball,4.27
Breach,4.27
Major Mayhem,4.27
Next Car Game Wreckfest,4.26
The Kings' Crusade,4.25
The Escapists The Walking Dead,4.25
Chainsaw Warrior,4.25
Chaser,4.25
Act of Aggression,4.25
Half Minute Hero Super Mega Neo Climax Ultimate Boy,4.24
Flatout 3,4.23
Sniper Elite Nazi Zombie Army 2,4.22
Tales of Monkey Island Chapter 1 - Launch of the Screaming Narwhal,4.22
Sid Meier's Ace Patrol Pacific Skies,4.21
Unreal Tournament 2004,4.21
Magicka Wizard Wars,4.21
Star Wolves,4.20
Game Tycoon 1.5,4.20
Shipwreck,4.20
RESCUE 2,4.20
DCS Black Shark,4.20
Blockland,4.20
The Wizard's Pen,4.20
Duke Nukem 3D Megaton Edition,4.20
Westward,4.20
Styx Master of Shadows,4.20
Sang-Froid - Tales of Werewolves,4.17
Tom Clancy's Rainbow Six 3 Gold Edition,4.17
The Dream Machine,4.17
Goodbye Deponia,4.16
Waking Mars,4.14
Planetbase,4.14
Strike Suit Infinity,4.14
The Slaughtering Grounds,4.13
Star Wars Republic Commando,4.13
Fistful of Frags,4.13
Post Apocalyptic Mayhem,4.10
Nux,4.10
Ichi,4.10
Xpand Rally Xtreme,4.10
Battle Los Angeles,4.10
Contrast,4.10
Teddy Floppy Ear - Mountain Adventure,4.10
Seduce Me the Otome,4.10
Mission Control NanoMech,4.10
IL-2 Sturmovik 1946,4.09
Football Manager 2016 Demo,4.09
Costume Quest,4.08
Half-Life Opposing Force,4.08
Contagion,4.08
Jigoku Kisetsukan Sense of the Seasons,4.07
Speedball 2 HD,4.07
Keep Talking and Nobody Explodes,4.07
Journey of a Roach,4.05
A.V.A - Alliance of Valiant Arms,4.04
Tom Clancy's H.A.W.X. 2,4.04
Super Amazing Wagon Adventure,4.03
Relic Hunters Zero,4.02
Frankenstein Master of Death,4.02
1... 2... 3... KICK IT! (Drop That Beat Like an Ugly Baby),4.00
The Beast of Lycan Isle - Collector's Edition,4.00
Nancy Drew Last Train to Blue Moon Canyon,4.00
Our Darker Purpose,4.00
Jet Set Radio,4.00
Total War Battles KINGDOM,4.00
Family Guy Back to the Multiverse,4.00
DiRT,4.00
Wildlife Park 3,4.00
Gear Up,4.00
Cities in Motion 2,3.99
Alchemy Mysteries Prague Legends,3.98
Worms Armageddon,3.96
Split/Second,3.95
Season of Mystery  The Cherry Blossom Murders,3.95
Silent Hunter III,3.95
Magicka 2,3.93
Prey,3.92
My Lands,3.92
Abyss Odyssey,3.92
Puzzle Agent,3.92
Lost Planet 2,3.91
Nidhogg,3.91
Operation Flashpoint Dragon Rising,3.91
Survarium,3.90
Flower Shop Winter In Fairbrook,3.90
Tales of Monkey Island Chapter 2 - The Siege of Spinner Cay,3.90
Drawn The Painted Tower,3.90
It came from space and ate our brains,3.90
Dustoff Heli Rescue,3.90
Runaway A Road Adventure,3.90
MX vs. ATV Supercross Encore,3.90
Dungeons & Dragons Chronicles of Mystara,3.90
99 Spirits,3.90
Wallace & Gromit Ep 4 The Bogey Man,3.90
Q.U.B.E Director's Cut,3.88
The Ship,3.87
Primordia,3.87
Giana Sisters Twisted Dreams,3.85
Kingdom,3.85
Tiny Brains,3.85
Villagers and Heroes,3.84
Oddworld New 'n' Tasty,3.83
Papers Please,3.83
Viking Battle for Asgard,3.82
The Black Watchmen,3.80
Nancy Drew Secrets can Kill,3.80
The Room,3.80
Monster Loves You!,3.80
Mountain Crime Requital,3.80
Apollo4x,3.80
Pro Rugby Manager 2015,3.80
Weather Lord The Successor's Path,3.80
BAD END,3.80
The Wonderful End of the World,3.78
Screencheat,3.78
Savage Lands,3.78
Blood of Old,3.78
Crazy Machines 2,3.77
Codename CURE,3.77
Out There  Edition,3.77
Star Wars Dark Forces,3.76
Dungeon Siege 2,3.76
Wanderlust Rebirth,3.76
Gunpoint,3.75
Marble Mayhem Fragile Ball,3.75
Emergency 2014,3.75
Devil May Cry 3 Special Edition,3.71
Interstellar Marines,3.70
Sam & Max 201 Ice Station Santa,3.70
Demon Hunter Chronicles from Beyond,3.70
Divinity Dragon Commander Beta,3.70
Rescue Everyday Heroes,3.70
Ghost in the Shell Stand Alone Complex First Assault Online,3.70
Terminator Salvation,3.70
Mitos.is The Game,3.70
Cubic Castles,3.70
Little Racers STREET,3.68
Hitman Blood Money,3.67
Doorways The Underworld,3.67
Grand Theft Auto III,3.66
Lead and Gold - Gangs of the Wild West,3.66
Quake Live,3.66
War Inc. Battlezone,3.65
Scratches Director's Cut,3.65
Overcast - Walden and the Werewolf,3.65
Tom Clancy's Splinter Cell Double Agent,3.65
Republique,3.65
Hollywood Visionary,3.65
Her Story,3.64
Boring Man - Online Tactical Stickman Combat,3.64
SNOW,3.63
Divine Divinity,3.63
D.I.P.R.I.P. Warm Up,3.63
Super Meat Boy,3.63
School of Dragons How to Train Your Dragon,3.62
The Guild II,3.62
Card Hunter,3.61
Lara Croft and the Guardian of Light,3.61
Serious Sam HD The First Encounter,3.61
Zoombinis,3.60
Total War Battles SHOGUN,3.60
Eaten Alive,3.60
GunWorld,3.60
The Political Machine 2016,3.60
The Samaritan Paradox,3.60
10000000,3.60
Down To One,3.60
Aura Fate of the Ages,3.60
Clockwork Tales Of Glass and Ink,3.60
Zafehouse Diaries,3.60
NASCAR '14,3.60
METAL SLUG 3,3.59
Hitman 2 Silent Assassin,3.59
Anna - Extended Edition,3.58
Shoppe Keep,3.58
Steel Ocean,3.57
Zombie Shooter 2,3.57
Tales of Monkey Island Chapter 5 - Rise of the Pirate God,3.57
Worms Clan Wars,3.57
The Longest Journey,3.56
Commandos 2 Men of Courage,3.55
The Clockwork Man,3.55
The Lost Crown,3.55
Chainsaw Warrior Lords of the Night,3.55
Thief Deadly Shadows,3.55
One Way Heroics,3.54
DOOM 3,3.54
Serious Sam Classic The First Encounter,3.53
Insanely Twisted Shadow Planet,3.52
Pool Nation,3.52
Railroad Tycoon 3,3.52
Alpha Protocol,3.52
ACE COMBAT ASSAULT HORIZON Enhanced Edition,3.52
Bridge Constructor,3.52
Project AURA,3.50
Cabela's Hunting Expeditions,3.50
Strong Bad Episode 1 Homestar Ruiner,3.50
Teddy Floppy Ear - Kayaking,3.50
Cossacks European Wars,3.50
Cosmophony,3.50
LEGO Pirates of the Caribbean The Video Game,3.50
Nancy Drew Secret of the Scarlet Hand,3.50
Cognition An Erica Reed Thriller,3.50
Ironclad Tactics,3.50
AI War Fleet Command,3.50
The Journey Down Chapter One,3.48
Papo & Yo,3.47
Tactical Intervention,3.47
Skyborn,3.47
Memories of a Vagabond,3.46
DOOM II Hell on Earth,3.46
Alan Wake's American Nightmare,3.44
Sanctum,3.44
Lost Planet Extreme Condition,3.43
Iron Brigade,3.42
Hack 'n' Slash,3.40
Teddy Floppy Ear - The Race,3.40
Heavy Bullets,3.40
Saturday Morning RPG,3.40
Hegemony Gold Wars of Ancient Greece,3.40
Deadly Profits,3.40
A Story About My Uncle,3.40
8BitBoy,3.40
The Defenders The Second Wave,3.40
Cabelas Trophy Bucks,3.40
Cyto,3.40
Fast & Furious Showdown,3.40
Project Explore,3.40
Bedlam,3.40
Time Mysteries Inheritance - Remastered,3.40
Better Late Than DEAD,3.40
Saviors,3.40
The Basement Collection,3.38
METAL SLUG DEFENSE,3.38
Evoland,3.37
The Expendabros,3.37
Edna & Harvey Harvey's New Eyes,3.37
Revenge of the Titans,3.35
Painkiller Hell & Damnation,3.33
Sinister City,3.32
Sid Meier's Civilization IV Colonization,3.31
Colin McRae Rally,3.30
Echelon,3.30
The 39 Steps,3.30
Gunspell Steam Edition,3.30
Narco Terror,3.30
Retrovirus,3.30
Evochron Mercenary,3.30
Closure,3.30
Amazing Adventures The Lost Tomb,3.30
Super Chibi Knight,3.30
Delta Force 2,3.30
Dungeons & Dragons Daggerdale,3.28
La-Mulana,3.28
Commandos Behind Enemy Lines,3.27
Super Hexagon,3.27
SteamWorld Dig,3.26
System Shock 2,3.26
Medieval Engineers,3.25
WRC 5,3.25
Victim of Xen,3.25
SolForge,3.25
Hacknet,3.25
Wasteland 1 - The Original Classic,3.25
Analogue A Hate Story,3.24
THE KING OF FIGHTERS XIII STEAM EDITION,3.24
Go! Go! Nippon! ~My First Trip to Japan~,3.24
Race The Sun,3.23
Happy Wars,3.20
Bus-Simulator 2012,3.20
Sam & Max 302 The Tomb of Sammun-Mak,3.20
Blue Rose,3.20
Strong Bad Episode 3 Baddest of the Bands,3.20
Heroes Over Europe,3.20
Elite Dangerous Horizons,3.20
Sunrider Mask of Arcadius,3.20
Hard Truck Apocalypse Rise Of Clans / Ex Machina Meridian 113,3.20
CubeGun,3.20
Coin Crypt,3.20
Quake,3.19
PixelJunk Shooter,3.18
Hyperdimension Neptunia Re;Birth1,3.18
PAC-MAN Championship Edition DX+,3.17
The Swapper,3.17
Indie Game The Movie,3.16
Swipecart,3.15
Cinders,3.15
Super Killer Hornet Resurrection,3.15
Codename Panzers - Cold War,3.15
Rabbit Hole 3D Steam Edition,3.15
Receiver,3.14
Spirits,3.14
Q.U.B.E.,3.13
Peggle Extreme,3.12
FUEL,3.12
KnightShift,3.12
Battleplan American Civil War,3.10
Humanity Asset,3.10
Escape Rosecliff Island,3.10
Order of War Challenge,3.10
City Life 2008,3.10
Oozi Earth Adventure,3.10
Hegemony Philip of Macedon,3.10
Kane & Lynch Dead Men,3.10
Karate Master 2 Knock Down Blow,3.10
Life is Hard,3.10
Face Noir,3.10
Panzer Corps,3.10
Cherry Tree High Comedy Club,3.10
Fire,3.10
Fancy Skulls,3.10
Gemini Rue,3.08
Botanicula,3.08
Ionball 2  Ionstorm,3.08
King Arthur's Gold,3.07
Shelter 2,3.07
Anodyne,3.07
The Stanley Parable,3.06
Strategic War in Europe,3.05
Platypus,3.05
Cossacks II Battle for Europe,3.05
BlazBlue Calamity Trigger,3.05
Dragons and Titans,3.05
Estranged Act I,3.04
The Dig,3.04
The Showdown Effect,3.04
Viridi,3.03
King Arthur Collection,3.03
Plain Sight,3.03
Batla,3.02
TRANSFORMERS Rise of the Dark Spark,3.00
Obludia,3.00
Reach for the Sun,3.00
500 Years Act 1,3.00
Pressure,3.00
Z,3.00
Treeker The Lost Glasses,3.00
3DMark 11,3.00
Frederic Evil Strikes Back,3.00
Vintage Year,3.00
Dark Fall Lost Souls,3.00
Hunting Unlimited 2010,3.00
CAFE 0 ~The Drowned Mermaid~,3.00
Sam & Max 304 Beyond the Alley of the Dolls,3.00
Kyn,3.00
MoW Face Off M,3.00
Sam & Max 101 Culture Shock,3.00
Big Money! Deluxe,3.00
Warhammer Online Age of Reckoning,3.00
The Nightmare Cooperative,3.00
Way of the Samurai 4,3.00
CivCity Rome,3.00
Clickr,3.00
Infinite Crisis,2.99
Trials 2 Second Edition,2.99
The Four Kings Casino and Slots,2.98
Sakura Spirit,2.97
Car Mechanic Simulator 2014,2.97
Assassin's Creed Freedom Cry,2.97
FX Football - The Manager for Every Football Fan,2.97
Call of Duty,2.97
To the Moon,2.95
10 Second Ninja,2.95
Long Live The Queen,2.94
ENSLAVED Odyssey to the West Premium Edition,2.93
Quake III Arena,2.93
Apotheon,2.92
Serious Sam 2,2.92
Hammerfight,2.91
LIMBO,2.91
Five Nights at Freddy's 2,2.91
Deadly Premonition The Director's Cut,2.90
Xeodrifter,2.90
Road Not Taken,2.90
Splatter - Blood Red Edition,2.90
Avadon 2 The Corruption,2.90
Nancy Drew Lights Camera Curses!,2.90
Children of the Nile Alexandria,2.90
Blob From Space,2.90
Left in the Dark No One on Board,2.90
Clash of Puppets,2.90
STARWHAL,2.90
BloodRayne 2,2.90
Quest of Dungeons,2.90
MotoGP13,2.90
Dracula's Legacy,2.90
Sam & Max 303 They Stole Max's Brain!,2.90
VVVVVV,2.89
Canyon Capers,2.89
A.R.E.S.,2.89
Braid,2.89
F.E.A.R. Online,2.88
Alien Rage - Unlimited,2.88
Takedown Red Sabre,2.87
Double Dragon Neon,2.87
FORCED,2.87
RPG MO,2.86
Sengoku,2.86
Deadlight,2.86
Wild Warfare,2.86
Sun Blast,2.85
Tiny Troopers,2.85
Waveform,2.85
Paranormal State Poison Spring Collector's Edition,2.85
eden*,2.85
Slender The Arrival,2.85
Dwarfs F2P,2.84
Artemis Spaceship Bridge Simulator,2.83
Blitzkrieg Anthology,2.83
RISK Factions,2.82
DLC Quest,2.82
Deadbreed,2.80
FOTONICA,2.80
9 Clues The Secret of Serpent Creek,2.80
Carmageddon Max Pack,2.80
Doctor Who The Eternity Clock,2.80
Residue Final Cut,2.80
Halfway,2.80
Watchmen The End Is Nigh Part 2,2.80
Showtime!,2.80
Crusader Kings Complete,2.80
Sam & Max 305 The City that Dares not Sleep,2.80
Sherlock Holmes and The Hound of The Baskervilles,2.80
Obulis,2.80
Zombie Tycoon 2 Brainhov's Revenge,2.80
Antichamber,2.79
Cthulhu Saves the World,2.79
Metal Reaper Online,2.79
Shadowgrounds Survivor,2.79
Doorways Prelude,2.77
Back to the Future Ep 5 - OUTATIME,2.77
Ys I,2.77
Hostile Waters Antaeus Rising,2.77
PixelJunk Monsters Ultimate,2.76
Sam & Max 105 Reality 2.0,2.75
DeadCore,2.75
Swords and Soldiers HD,2.73
Layers of Fear,2.73
SpellForce 2 Gold Edition,2.73
Tomb Raider Anniversary,2.73
McPixel,2.72
DOOM 3 Resurrection of Evil,2.72
Oddworld Abe's Exoddus,2.71
RUSH,2.71
Grimm,2.71
Deadly 30,2.70
Deadfall Adventures,2.70
Escape Machines,2.70
Forsaken Uprising,2.70
NaissanceE,2.70
Angry Birds Space,2.70
Executive Assault,2.70
N.P.P.D. RUSH - The milk of Ultra violet,2.70
Alex Hunter - Lord of the Mind,2.70
Sugar Cube Bittersweet Factory,2.70
Eryi's Action,2.70
Outland,2.70
Back to the Future Ep 3 - Citizen Brown,2.70
Kill Fun Yeah,2.70
Midnight Mysteries 4 Haunted Houdini,2.70
Strong Bad Episode 2 Strong Badia the Free,2.70
Retro-Pixel Castles,2.70
Riding Star,2.70
Hylics,2.70
Ghost Encounters Deadwood - Collector's Edition,2.70
Cities XL,2.70
1Quest,2.70
Enclave,2.69
Race The WTCC Game,2.68
RaiderZ,2.67
Silent Hill Homecoming,2.67
Puzzle Agent 2,2.67
X-Blades,2.66
Syberia,2.66
Enemy Mind,2.65
Indiana Jones and the Fate of Atlantis,2.65
Monaco,2.65
Eets,2.64
Chime,2.63
TypeRider,2.62
Out There Somewhere,2.62
Grand Theft Auto 2,2.62
Shank,2.61
Chris Sawyer's Locomotion,2.60
Battle Group 2,2.60
The Typing of The Dead Overkill,2.60
Make it indie!,2.60
Servo,2.60
GEARCRACK Arena,2.60
Fading Hearts,2.60
Offspring Fling!,2.60
Catmouth Island,2.60
Fingered,2.60
Destiny Warriors,2.60
Reaper - Tale of a Pale Swordsman,2.60
Back to the Future Ep 4 - Double Visions,2.60
Dysfunctional Systems Learning to Manage Chaos,2.60
The Bard's Tale,2.58
Chains,2.58
Darwinia,2.58
Gravilon,2.58
Lunar Flight,2.58
Red Crucible Firestorm,2.58
Prince of Persia The Sands of Time,2.57
Shatter,2.57
Edge of Space,2.57
Dino D-Day,2.56
Construct 2 Free,2.56
Stubbs the Zombie in Rebel Without a Pulse,2.55
The Howler,2.55
Stellar 2D,2.55
Toki Tori,2.55
Sins of a Dark Age,2.55
Red Orchestra 2 Heroes of Stalingrad - Single Player,2.55
Leviathan Warships,2.54
East India Company Gold,2.54
FootLOL Epic Fail League,2.53
Air Conflicts Pacific Carriers,2.53
New kind of adventure,2.53
War of the Roses Balance Beta,2.52
Edna & Harvey The Breakout,2.52
Fractured Space,2.52
Arma 2 DayZ Mod,2.51
WARMODE,2.51
God Mode,2.51
Demolition Inc.,2.50
Hell Yeah!,2.50
Shiny The Firefly,2.50
Quake II,2.50
RADical ROACH Deluxe Edition,2.50
Blood Knights,2.50
Fate of the World,2.50
Kuros,2.50
Spriter Pro,2.50
Virtua Tennis 4,2.50
Deadlings - Rotten Edition,2.50
CameraBag 2,2.50
Ancient Planet,2.50
Smooth Operators,2.50
theHunter,2.49
Damned,2.49
Piercing Blow,2.49
Shadows on the Vatican - Act I Greed,2.49
DiggerOnline,2.48
Sir You Are Being Hunted,2.48
Guncraft,2.48
Wallace & Gromit Ep 1 Fright of the Bumblebees,2.48
Vertical Drop Heroes HD,2.47
Halo Spartan Assault,2.45
The Mean Greens - Plastic Warfare,2.45
Air Brawl,2.45
The Cat Lady,2.45
Cubemen,2.44
Beatbuddy Tale of the Guardians,2.43
Speedball 2 Tournament,2.43
Space Farmers,2.42
Killer is Dead,2.42
Betrayer,2.42
Randal's Monday,2.40
NightShift Code,2.40
Duck Dynasty,2.40
Flesh Eaters,2.40
Commander Conquest of the Americas,2.40
Conquest of Champions,2.40
Skara - The Blade Remains,2.40
Ultratron,2.40
Warhammer 40000 Kill Team,2.40
Vox,2.40
Darksiders II Deathinitive Edition,2.40
Phoenix Force,2.40
Tkl Online,2.40
Else Heart.Break(),2.40
Knock-knock,2.40
Postal 3,2.40
Spooky Cats,2.40
PixelJunk Shooter Ultimate,2.40
Fat Chicken,2.40
Farming World,2.40
Organ Trail Director's Cut,2.39
Brothers - A Tale of Two Sons,2.39
DCS World,2.39
Eets Munchies,2.38
Oil Rush,2.38
Toki Tori 2+,2.38
Myst Masterpiece Edition,2.38
BIT.TRIP Presents... Runner2 Future Legend of Rhythm Alien,2.37
Daylight,2.37
Over 9000 Zombies!,2.35
Time Mysteries 3 The Final Enigma,2.35
Shelter,2.34
Cargo Commander,2.33
Soccer Manager 2016,2.33
The Guild Gold Edition,2.33
Morphopolis,2.33
Bleed,2.32
Rochard,2.32
Grimoire Manastorm,2.31
Racer 8,2.31
Back to the Future Ep 1 - It's About Time,2.30
Delve Deeper,2.30
Cosmic DJ,2.30
Super Motherload,2.30
Boo Bunny Plague,2.30
YOU DON'T KNOW JACK,2.30
Containment The Zombie Puzzler,2.30
Submerged,2.30
DarkEnd,2.30
Defense Grid 2 A Matter of Endurance,2.30
Divine Souls,2.30
Sphere III Enchanted World,2.30
Towtruck Simulator 2015,2.30
Kohan II Kings of War,2.30
Pressured,2.30
Knights and Merchants,2.29
Squishy the Suicidal Pig,2.29
Talisman Prologue,2.29
They Bleed Pixels,2.28
Deus Ex The Fall,2.27
Lords of the Black Sun,2.27
Survivor Squad,2.27
LUFTRAUSERS,2.26
Bad Rats,2.25
Zombie Zoeds,2.25
Toy Soldiers War Chest,2.25
Destination Sol,2.25
Hamilton's Great Adventure,2.25
World of Goo,2.25
SkyDrift,2.24
Uriel's Chasm,2.24
Thomas Was Alone,2.24
Foreign Legion Buckets of Blood,2.24
Ultimate Tic-Tac-Toe,2.24
Axis Game Factory's AGFPRO 3.0,2.24
Carrier Command Gaea Mission,2.23
Europa Universalis Rome - Gold Edition,2.23
Lethal League,2.23
NEOTOKYO,2.23
Master Levels for DOOM II,2.23
Stealth Bastard Deluxe,2.22
Moonbase Alpha,2.22
Cogs,2.22
Navy Field 2  Conqueror of the Ocean,2.22
NEKOPARA Vol. 0,2.22
The Bridge,2.21
Blocks That Matter,2.21
UberStrike,2.21
Fairy Tale Mysteries The Puppet Thief Collector's Edition,2.20
Choice of the Deathless,2.20
Shark Attack Deathmatch 2,2.20
SpellForce 2 - Demons of the Past,2.20
Sakura Swim Club,2.20
Silverfall,2.20
SAMURAI WARRIORS 4-II,2.20
Lumines,2.20
Beware Planet Earth,2.20
Millennium - A New Hope,2.20
Wings! Remastered Edition,2.20
Jack Keane,2.20
NASCAR The Game 2013,2.20
Tomb Raider The Last Revelation,2.20
Coffin Dodgers,2.20
rFactor,2.20
Aerena,2.20
The Silent Age,2.20
Back to the Future Ep 2 - Get Tannen!,2.20
Mortal Kombat Kollection,2.18
Half-Life Blue Shift,2.18
Guardians of Middle-earth,2.18
Scania Truck Driving Simulator,2.18
Hitman Sniper Challenge,2.18
FortressCraft Evolved,2.17
Interplanetary,2.17
Penumbra Overture,2.15
NEED FOR MADNESS ?,2.15
Nimble Quest,2.15
Geometry Wars Retro Evolved,2.15
Midnight Mysteries 3 Devil on the Mississippi,2.15
Syder Arcade,2.15
Five Nights at Freddy's,2.15
Chip,2.14
Terrorhedron,2.13
Woodle Tree Adventures,2.12
Free to Play,2.11
Dizzel,2.10
Choice of Robots,2.10
War of the Human Tanks,2.10
Dodge,2.10
Post Mortem,2.10
Pineview Drive,2.10
Legend of Mysteria,2.10
Light,2.10
Toybox Turbos,2.10
RPG Tycoon,2.10
Time Gentlemen Please!,2.10
The Whispered World Special Edition,2.10
Circuits,2.10
Rise of the Triad,2.10
Anomaly Warzone Earth Mobile Campaign,2.10
Mini Motor Racing EVO,2.10
Anomaly Warzone Earth,2.09
Trainz Simulator 12,2.09
Galcon Legends,2.08
Vanguard Princess,2.07
Dead Bits,2.07
Worms Ultimate Mayhem,2.07
Audition Online,2.06
Five Nights at Freddy's 3,2.05
Narcissu 1st & 2nd,2.05
Remnants Of Isolation,2.05
Street Fighter V Beta,2.05
Karos Returns,2.05
Hitman Codename 47,2.05
RAW - Realms of Ancient War,2.04
Rock of Ages,2.04
Sacred 2 Gold,2.03
Not The Robots,2.03
Tomb Raider Legend,2.03
Mechanic Escape,2.03
Gone Home,2.03
Kinetic Void,2.03
Heavy Fire Afghanistan,2.03
FlatOut 2,2.01
Red Faction,2.01
Crazy Plant Shop,2.00
Midnight Mysteries Salem Witch Trials,2.00
Hook,2.00
ibb & obb,2.00
Two Worlds II Castle Defense,2.00
Resident Evil Operation Raccoon City,2.00
Fritz Chess 14,2.00
Theme Park Studio,2.00
Gold Rush! Classic,2.00
SC2VN - The eSports Visual Novel,2.00
The Last Federation,2.00
GestureWorks Gameplay,2.00
Final Dusk,2.00
Dogs of War Online - Beta,2.00
Of Guards And Thieves,2.00
Sam & Max 104 Abe Lincoln Must Die!,1.99
Flight Control HD,1.98
Jazzpunk,1.98
Nihilumbra,1.98
Rocketbirds Hardboiled Chicken,1.98
Fuse,1.97
Angry Video Game Nerd Adventures,1.97
Absolute Drift,1.97
Thief 2,1.96
A Virus Named TOM,1.96
Kentucky Route Zero,1.96
Collapse,1.95
Symphony,1.95
Galcon Fusion,1.95
Earth 2150 Trilogy,1.95
Lugaru HD,1.95
Hatred,1.94
Arma Tactics,1.94
Secret of the Magic Crystal,1.93
Sacred Gold,1.93
FaceRig,1.93
Oddworld Stranger's Wrath HD,1.92
Before the Echo,1.92
Unreal Gold,1.91
Strike Suit Zero,1.91
Thinking with Time Machine,1.91
Fishing Planet,1.90
Gemini Wars,1.90
The Path,1.90
Close Your Eyes,1.90
Westerado Double Barreled,1.90
Crimzon Clover  WORLD IGNITION,1.90
Pixel Puzzles UndeadZ,1.90
Khet 2.0,1.90
Arms Dealer,1.90
Solstice Arena,1.90
Space Empires V,1.90
Defend Your Life,1.90
Kingdom Wars 2 Battles,1.90
SCHAR Blue Shield Alliance,1.90
Breach & Clear,1.90
Bermuda,1.90
DRAKERZ-Confrontation,1.90
Retention,1.90
Draconian Wars,1.90
VoidExpanse,1.90
ZOMBI,1.90
Dynomite! Deluxe,1.90
OTTTD,1.90
Talismania Deluxe,1.90
Teeworlds,1.89
Oddworld Abe's Oddysee,1.89
Cry of Fear,1.88
BRAINPIPE A Plunge to Unhumanity,1.87
Nexus The Jupiter Incident,1.87
Dogfight 1942,1.87
Space Trader Merchant Marine,1.87
Afterfall InSanity Extended Edition,1.86
60 Seconds!,1.86
Ziggurat,1.85
Crystals of Time,1.85
Deus Ex Invisible War,1.85
Amazing World,1.85
Unmechanical,1.85
Warhammer 40000 Regicide,1.85
Intrusion 2,1.84
BIT.TRIP RUNNER,1.84
The Hat Man Shadow Ward,1.83
Commando Jack,1.83
ONE PIECE PIRATE WARRIORS 3,1.83
Sonic CD,1.83
Borealis,1.83
Eternal Fate,1.82
Freedom Planet,1.82
Pacific Storm,1.80
Chessmaster,1.80
Alpha Kimori Episode One,1.80
Drakensang The River of Time,1.80
Night Mysteries The Amphora Prisoner,1.80
Parkan 2,1.80
Flashback,1.80
Lost Planet Extreme Condition - Colonies Edition,1.80
Neverending Nightmares,1.80
The Sun at Night,1.80
Cannon Brawl,1.80
Signal Ops,1.80
Wildlife Park 2 - Dino World,1.80
rFactor 2,1.80
The Culling Of The Cows,1.80
Aperture Tag The Paint Gun Testing Initiative,1.80
Year Walk,1.80
SuperPower 2 Steam Edition,1.80
Detective Grimoire,1.80
Rigonauts,1.80
Cossacks II Napoleonic Wars,1.80
Black Sails,1.80
Tetrobot and Co.,1.80
Blaster Shooter GunGuy!,1.80
Viking Brothers,1.80
Burn Zombie Burn,1.80
Jet Gunner,1.80
Real World Racing,1.80
Bionic Dues,1.80
Downwell,1.80
Strider,1.79
POSTAL,1.79
Crysis Wars,1.79
Smashmuck Champions,1.79
SiN Episodes Emergence,1.78
Electronic Super Joy,1.76
Velvet Assassin,1.75
Sam & Max 103 The Mole the Mob and the Meatball,1.75
Demonicon,1.75
Dungeonland,1.75
Among the Sleep,1.73
The Adventures of Mr. Bobley,1.73
Tom Clancy's EndWar,1.73
Aliens versus Predator Classic 2000,1.73
DEFCON,1.73
Osmos,1.73
Commander Keen Complete Pack,1.73
The Beginner's Guide,1.72
Tiny and Big Grandpa's Leftovers,1.71
Stonerid,1.70
Zero Gear,1.70
Saw,1.70
Prison Tycoon 3 Lockdown,1.70
Metal War Online Retribution,1.70
Tomb Raider Chronicles,1.70
Adventures of Bertram Fiddle Episode 1 A Dreadly Business,1.70
T.E.C. 3001,1.70
Song of the Myrne What Lies Beneath,1.70
FINAL FANTASY TYPE-0 HD,1.70
Hardland,1.70
Planet of the Eyes,1.70
Royal Defense,1.70
Bridge Constructor Medieval,1.70
Stick RPG 2,1.70
Party of Sin,1.70
Titan Souls,1.70
Pid,1.69
Miasmata,1.69
Teleglitch Die More Edition,1.68
Patch testing for Chivalry,1.68
Hacker Evolution - Untold,1.68
GooCubelets,1.68
Loom,1.68
Madballs in...Babo Invasion,1.68
Retro City Rampage DX,1.68
Zeno Clash,1.68
Yet Another Zombie Defense,1.68
Frozen Hearth,1.68
Sine Mora,1.67
Teslagrad,1.67
Break Into Zatwor,1.67
BIT.TRIP BEAT,1.66
Sam & Max 102 Situation Comedy,1.66
A Bird Story,1.66
Eternal Senia,1.66
Burstfire,1.65
BloodRayne Betrayal,1.65
Titan Attacks,1.65
Air Conflicts - Secret Wars,1.65
Akane the Kunoichi,1.65
Warhammer Quest,1.65
Real Boxing,1.65
Nosferatu The Wrath of Malachi,1.65
Urban Trial Freestyle,1.64
Zombie Driver,1.64
Smashball,1.64
BloodRealm Battlegrounds,1.63
Tomb Raider (VI) The Angel of Darkness,1.63
Revolution Ace,1.63
Jagged Alliance Online - Steam Edition,1.62
Sparkle 2 Evo,1.61
Super Crate Box,1.60
Drunken Robot Pornography,1.60
Dracula Origin,1.60
Revelations 2012,1.60
Korwin The Game,1.60
Just Get Through,1.60
Paper Sorcerer,1.60
Foosball - Street Edition,1.60
CreaVures,1.60
Nancy Drew The Creature of Kapu Cave,1.60
Thunder Wolves,1.60
Glowfish,1.60
Septerra Core,1.60
fault milestone two sideabove,1.60
Horizon Shift,1.60
Back to Bed,1.60
Epigenesis,1.60
Guilty Gear Isuka,1.60
Dark Arcana The Carnival,1.60
Great Permutator,1.60
Jagged Alliance 2 Gold Pack,1.60
The Whispered World,1.60
Deathtrap,1.60
Ikaruga,1.60
TDP4Team Battle,1.60
Run and Fire,1.59
Indiana Jones and the Last Crusade,1.58
Dragomon Hunter,1.58
Home,1.58
Hacker Evolution,1.57
Reversion - The Escape,1.57
RWBY Grimm Eclipse,1.57
Hospital Tycoon,1.56
Adventures of Shuggy,1.55
Depression Quest,1.55
Dream,1.55
Particula,1.55
Shadows of War,1.55
Incredipede,1.55
Crash Time II,1.54
Intergalactic Bubbles,1.53
Back to Dinosaur Island,1.53
Krosmaster Arena,1.53
Hector Ep 1,1.52
Day One Garry's Incident,1.52
Murder Miners,1.52
Anomaly 2,1.52
Endless Sky,1.51
Quake 4,1.50
Genesis Rising,1.50
Battle Brothers,1.50
Mr. Bree+,1.50
Tradewinds Caravans,1.50
CrimeCraft GangWars,1.50
The Deer,1.50
Rogue Warrior,1.50
Fiends of Imprisonment,1.50
Void Destroyer,1.50
Kidnapped,1.50
Jets'n'Guns Gold,1.50
Joe Danger,1.50
Freedom Force,1.50
Crusaders Thy Kingdom Come,1.50
Neighbours from Hell,1.50
Call of Tomsk-7,1.50
Paint the Town Red,1.50
Albino Lullaby Episode 1,1.50
Tomb Raider II,1.50
Beyond Eyes,1.50
Demise of Nations Rome,1.50
Taxi,1.50
Really Big Sky,1.50
Star Wars Starfighter,1.49
The Novelist,1.48
Helicopter Simulator 2014 Search and Rescue,1.48
Bridge Project,1.46
The Guild II - Pirates of the European Seas,1.45
The Marvellous Miss Take,1.45
Black Fire,1.45
Blood Omen 2 Legacy of Kain,1.45
Epic Arena,1.45
Tidalis,1.45
Assault Android Cactus,1.45
Patrician III,1.45
Blockstorm,1.44
DETOUR,1.44
Euro Truck Simulator,1.44
All Is Dust,1.43
Tales from Space Mutant Blobs Attack,1.43
BEEP,1.43
Dwarfs!?,1.42
Bloody Trapland,1.41
Arma Cold War Assault,1.40
Power-Up,1.40
Hack Slash Loot,1.40
Dungeon Hearts,1.40
Tinboy,1.40
RollerCoaster Tycoon,1.40
Little Farm,1.40
Rhythm Destruction,1.40
Ice Age Continental Drift Arctic Games,1.40
The Chaos Engine,1.40
Wizardry 8,1.40
Card City Nights,1.40
Puzzle Quest 2,1.40
KWAAN,1.40
Magnetic By Nature,1.40
Dysan the Shapeshifter,1.40
Light of Altair,1.40
Capsized,1.40
Prince of Persia,1.40
Penny Arcade's On the Rain-Slick Precipice of Darkness 3,1.38
99 Levels To Hell,1.38
Anarchy Arcade,1.38
CroNix,1.38
Defy Gravity,1.38
No Time to Explain,1.37
Caster,1.36
The Next BIG Thing,1.35
Rake,1.35
TrackMania Canyon,1.35
Mortal Online,1.35
HeXen II,1.33
Grimind,1.33
Crossfire Europe,1.32
Shadow Warrior Classic Redux,1.32
Ben There Dan That!,1.32
And Yet It Moves,1.31
Putt-Putt Joins the Circus,1.30
Max The Curse of Brotherhood,1.30
Shadow of Kingdoms,1.30
Putt-Putt Travels Through Time,1.30
Castle,1.30
Missing Translation,1.30
Microsoft Flight,1.30
Gurumin A Monstrous Adventure,1.30
Kairo,1.30
The Secret of Tremendous Corporation,1.30
Wizardry Online,1.30
Dragon's Lair 2 Time Warp,1.30
Crazy Machines,1.30
Ittle Dew,1.30
Strife Veteran Edition,1.30
FIST OF AWESOME,1.30
Bridge It (plus),1.30
Post Master,1.30
Oscura Lost Light,1.30
Theatre of War 2 Africa 1943,1.30
Foreign Legion Multi Massacre,1.30
ArchonClassic,1.30
The Club,1.30
Runespell Overture,1.30
VelocityUltra,1.30
WARP,1.30
The Inner World,1.30
Lovely Planet,1.30
Actual Sunlight,1.30
Zombie Driver HD,1.30
Vessel,1.30
How To Survive Third Person,1.30
Killing Floor Mod Defence Alliance 2,1.30
Ragnarok,1.28
Velvet Sundown,1.27
Wickland,1.27
Dementium II HD,1.27
Battle for Graxia,1.27
Ravaged Zombie Apocalypse,1.27
140,1.26
Forge,1.25
Weapons Genius,1.25
STAR WARS X-Wing Alliance,1.25
Gigantic Army,1.25
A Walk in the Dark,1.25
Fester Mudd Curse of the Gold - Episode 1,1.25
Puddle,1.25
Secret Ponchos,1.25
Strike Vector,1.24
Another World,1.24
Galcon 2,1.24
Stealth Inc 2,1.23
Five Nights at Freddy's 4,1.23
Brick-Force,1.23
Star Trek,1.23
Requiem,1.23
Orbital Gear,1.22
Super Game Jam,1.20
A Golden Wake,1.20
Controller Companion,1.20
Claire,1.20
Max and the Magic Marker,1.20
Dream Of Mirror Online,1.20
FATE Undiscovered Realms,1.20
Gods Will Be Watching,1.20
World of Zoo,1.20
Bionic Commando,1.20
Over the Dream,1.20
Lightfish,1.20
Motorbike,1.20
Constant C,1.20
Riven,1.20
NotGTAV,1.20
Mystery of Neuschwanstein,1.20
Realms of Arkania 3 - Shadows over Riva Classic,1.20
Lords of Magic Special Edition,1.20
Red Bull X-Fighters,1.20
Iron Warriors T-72 Tank Command,1.20
Aveyond 3-1 Lord of Twilight,1.20
I-Fluid,1.20
Jamestown,1.19
Wizorb,1.18
Rush Bros,1.18
Foul Play,1.18
Street Racing Syndicate,1.17
Moonrise,1.17
Blood One Unit Whole Blood,1.17
City of Steam Arkadia,1.16
Gun Monkeys,1.16
Superbrothers Sword & Sworcery EP,1.16
The Ship Single Player,1.15
MoW Face Off XL,1.15
Please Dont Touch Anything,1.15
Jurassic Park The Game,1.15
Final Exam,1.15
Serious Sam Classic The Second Encounter,1.13
AaaaaAAaaaAAAaaAAAAaAAAAA!!! for the Awesome,1.13
Yury,1.13
Super House of Dead Ninjas,1.13
Heroes of SoulCraft,1.13
Warside,1.13
Gomo,1.13
Rodina,1.12
The Cursed Crusade,1.12
A Valley Without Wind,1.12
Tom Clancy's Splinter Cell,1.10
MDK,1.10
Guild Commander,1.10
Strong Bad Episode 4 Dangeresque 3,1.10
rymdkapsel,1.10
Pro Cycling Manager Season 2009,1.10
Hacker Evolution Duality,1.10
Gunslugs 2,1.10
Weird Worlds Return to Infinite Space,1.10
Black Ice,1.10
AZMD! Scorepocalypse,1.10
Onimusha 3 Demon Siege,1.10
Impossible Creatures,1.10
Strike Suit Zero Director's Cut,1.10
EDGE,1.10
Spoiler Alert,1.10
PixelJunk Eden,1.09
FlatOut,1.09
Rise of Flight United,1.08
The Fall,1.07
Modular Combat,1.07
Gish,1.07
Heretic Shadow of the Serpent Riders,1.07
Gunman Clive,1.07
Dead Horde,1.05
Space Channel 5 Part 2,1.05
Frontlines Fuel of War,1.05
Haunt the House Terrortown,1.05
Cobi Treasure Deluxe,1.05
Gothic II Gold Edition,1.04
Half-Life 2 Lost Coast,1.04
Portal 2 - The Final Hours,1.04
Dear Esther,1.04
Ballpoint Universe Infinite,1.03
Penumbra Requiem,1.02
EverQuest Free-to-Play,1.02
Saints Row IV Inauguration Station,1.01
Breath of Death VII,1.01
Tom Clancy's Splinter Cell Chaos Theory,1.01
Ricochet,1.01
Dead Effect,1.00
Serena,1.00
Close Combat - Gateway to Caen,1.00
Paranautical Activity Deluxe Atonement Edition,1.00
Special Forces Team X,1.00
Obscure 2,1.00
Distant Star Revenant Fleet,1.00
Solar Flux,1.00
Potatoman Seeks the Troof,1.00
Tower of Guns,1.00
Asteria,1.00
Trapped Dead,1.00
Darkout,1.00
Legendary,1.00
Dollar Dash,1.00
Fortix,1.00
Bejeweled Deluxe,1.00
Tom Clancy's Rainbow Six Vegas,1.00
Damnation City of Death,1.00
iO,1.00
3D Mini Golf,1.00
Test Drive Ferrari Racing Legends,1.00
Ninja Reflex Steamworks Edition,1.00
DinerTown Tycoon,1.00
Clutch,1.00
Face of Mankind,0.99
Windosill,0.98
sZone-Online,0.98
PARTICLE MACE,0.98
Wasteland 2 Director's Cut,0.97
Joe Danger 2 The Movie,0.95
Autobahn Police Simulator,0.95
Worms Crazy Golf,0.95
ROCKETSROCKETSROCKETS,0.95
Zuma's Revenge! - Adventure,0.95
KHOLAT,0.95
Beast Boxing Turbo,0.95
Star Crusade CCG,0.95
Sakura Angels,0.95
Cities XL - Limited Edition,0.95
ComaMortuary,0.95
Retro/Grade,0.95
Noir Syndrome,0.95
The Ultimate DOOM,0.95
Spooky's House of Jump Scares,0.94
Kung Fu Strike The Warrior's Rise,0.94
Doc Clock The Toasted Sandwich of Time,0.93
Rise of Incarnates,0.93
Marlow Briggs,0.93
The Misadventures of P.B. Winterbottom,0.93
Frozen Synapse Prime,0.93
X Beyond the Frontier,0.93
Sonic Adventure DX,0.92
Lone Survivor The Director's Cut,0.91
Apotheon Arena,0.90
Trouble In The Manor,0.90
Velocibox,0.90
Dead Mountaineer's Hotel,0.90
Anomaly Korea,0.90
Adventure Park,0.90
Puzzle Chronicles,0.90
Inside The Gear,0.90
SanctuaryRPG Black Edition,0.90
Super Splatters,0.90
Volt,0.90
LEVEL 22,0.90
The Haunted Hells Reach,0.90
Dragon The Game,0.90
Governor of Poker 2 Premium Edition,0.90
THE KING OF FIGHTERS '98 ULTIMATE MATCH FINAL EDITION,0.90
Dungeons The Eye of Draconus,0.90
Lume,0.90
Blacklight Tango Down,0.90
You Have to Win the Game,0.88
Blender 2.76b,0.88
Pinball Arcade,0.88
Secrets of Rtikon,0.88
Team Fortress Classic,0.87
Only If,0.87
Achron,0.87
Delver,0.87
Simply Chess,0.87
Draw a Stickman EPIC,0.87
Ampu-Tea,0.87
Guns'N'Zombies,0.87
Voices from the Sea,0.87
HIS (Heroes In the Sky),0.86
The Polynomial,0.86
Might & Magic Heroes Online,0.86
Space Ace,0.85
Droid Assault,0.85
Cards and Castles,0.85
Shadowgate MacVenture Series,0.85
Ubersoldier II,0.85
Sam & Max 301 The Penal Zone,0.85
Spermination,0.85
Shower With Your Dad Simulator 2015 Do You Still Shower With Your Dad,0.85
Nail'd,0.84
Splice,0.83
Eternal Silence,0.83
Superfrog HD,0.83
Echoes+,0.82
The Void,0.82
Steel Storm Burning Retribution,0.82
Steam Marines,0.82
Cortex Command,0.82
Black Mirror,0.80
Kingdoms Rise,0.80
The Floor is Jelly,0.80
Cabela's Dangerous Hunts 2013,0.80
Lunch Truck Tycoon,0.80
I Have No Mouth and I Must Scream,0.80
Written in the Sky,0.80
Substance Painter,0.80
Ravensword Shadowlands,0.80
Sniper Elite Zombie Army,0.80
Digital Combat Simulator A-10C Warthog,0.80
Rescue Team 5,0.80
Unium,0.80
Jumpdrive,0.80
Unstoppable Gorg,0.80
The Settlers Online,0.80
Undead Overlord,0.80
Pound of Ground,0.80
Bunch Of Heroes,0.80
Castle Never Judge a Book by its Cover,0.80
Amazing Princess Sarah,0.80
Metrocide,0.80
Bejeweled 2 Deluxe,0.80
Lucid,0.80
Meridian New World,0.80
Next Car Game Sneak Peek 2.0,0.79
AirBuccaneers,0.78
Arma 2 Private Military Company,0.77
Oddworld Munch's Oddysee,0.75
Half-Life Deathmatch Source,0.75
Dev Guy,0.75
Beyond Divinity,0.75
Quantum Rush Online,0.75
Deathmatch Classic,0.74
Emily is Away,0.74
Pool Nation FX,0.73
Star Trek D-A-C,0.72
X-Tension,0.70
Booster Trooper,0.70
Gumboy Crazy Adventures,0.70
Unreal II The Awakening,0.70
Devils Share,0.70
Jagged Alliance Crossfire,0.70
Rig 'n' Roll,0.70
Star Wars The Clone Wars Republic Heroes,0.70
Grand Class Melee 2,0.70
TOXIKK,0.70
BattleSpace,0.70
Fair Strike,0.70
Mushroom 11,0.70
Giana Sisters Twisted Dreams - Rise of the Owlverlord,0.70
Pixel Space,0.70
Volume,0.70
Adventure Chronicles The Search For Lost Treasure,0.70
Tropico,0.70
O.R.B.,0.70
Eleusis,0.70
007 Legends,0.70
Heli Heroes,0.70
Into The War,0.70
Sokobond,0.70
Ashes of the Singularity,0.70
SlamIt Pinball Big Score,0.70
SickBrick,0.70
Flight of the Icarus,0.70
Cabela's African Adventures,0.70
Hexcells,0.70
Homebrew - Vehicle Sandbox,0.70
Mensa Academy,0.70
CRYPTARK,0.70
Insane 2,0.70
Viscera Cleanup Detail Shadow Warrior,0.69
Painkiller Redemption,0.68
DogFighter,0.67
Golden Rush,0.67
Gothic,0.67
NiGHTS into Dreams...,0.67
Disney Infinity 3.0 Play Without Limits,0.66
Zen Bound 2,0.65
Port of Call,0.65
Quake III Team Arena,0.65
Slam Bolt Scrappers,0.65
Curse of Mermos,0.65
Euro Fishing,0.65
YOU DON'T KNOW JACK Vol. 1 XL,0.65
Numen Contest of Heroes,0.65
Grand Chase,0.64
Cannons Lasers Rockets,0.63
Legacy of Kain Soul Reaver,0.63
Final DOOM,0.63
Mare Nostrum,0.61
Thief Gold,0.61
1701 A.D. Sunken Dragon,0.60
MirrorMoon EP,0.60
Crazy Taxi,0.60
Shattered Planet,0.60
Hello Kitty and Sanrio Friends Racing,0.60
FINAL FANTASY IV,0.60
Treasure Planet Battle at Procyon,0.60
Droplitz,0.60
X-COM Enforcer,0.60
TUG,0.60
Painkiller Resurrection,0.60
Shallow Space,0.60
SONIC THE HEDGEHOG 4 Episode I,0.60
Ring Runner Flight of the Sages,0.60
Island Flight Simulator,0.60
CaesarIA,0.60
Delta Force Black Hawk Down,0.60
Chip's Challenge 2,0.60
Dreaming Sarah,0.60
Toast Time,0.60
Nikopol Secrets of the Immortals,0.60
Airline Tycoon Deluxe,0.60
The Good Life,0.60
Naval Warfare,0.60
Arcadia,0.60
Judge Dredd Dredd vs Death,0.60
The Moon Sliver,0.60
Armada 2526,0.60
Twin Sector,0.60
RECYCLE,0.60
Victory The Age of Racing,0.60
TRAUMA,0.60
Confrontation,0.60
Corporate Lifestyle Simulator,0.60
Putt-Putt Saves the Zoo,0.60
Under the Ocean,0.60
Ultionus A Tale of Petty Revenge,0.60
RONIN,0.60
Aggression Europe Under Fire,0.60
Dragon Age Origins Character Creator,0.59
ACE - Arena Cyber Evolution,0.58
Bob Came in Pieces,0.57
Fieldrunners,0.57
Alpha Prime,0.57
Spartans Vs Zombies Defense,0.57
NightSky,0.56
Dead Pixels,0.56
Floating Point,0.55
FLY'N,0.55
UFO Afterlight,0.55
World in Conflict,0.55
Guilty Gear X2 #Reload,0.55
Dangerous High School Girls in Trouble!,0.55
Project Snowblind,0.55
Kung Fury Street Rage,0.55
Gunscape,0.54
Kung Fury,0.54
Snuggle Truck,0.54
Thirty Flights of Loving,0.54
QuantZ,0.53
Super Time Force Ultra,0.53
Moon Breakers,0.53
Nimbus,0.53
Arma 2 Free,0.53
404Sight,0.53
Quintet,0.53
Legend of Dungeon,0.52
Genesis Online,0.52
Guardians of Graxia,0.50
Cat Goes Fishing,0.50
Dark Fall 1 The Journal,0.50
Grey's Anatomy The Video Game,0.50
Putt-Putt and Pep's Balloon-o-Rama,0.50
Dragon's Lair,0.50
Unholy Heights,0.50
Maelstrom,0.50
Blockscape,0.50
GUILTY GEAR XX ACCENT CORE PLUS R,0.50
Syberia 2,0.50
GTR 2 - FIA GT Racing Game,0.50
realMyst,0.50
Gunship!,0.50
Citadels,0.50
Raiden Legacy,0.50
Gravity Ghost,0.50
Starseed Pilgrim,0.50
Dinosaur Hunt Africa Contract,0.50
Knightmare Tower,0.50
Commandos 3 Destination Berlin,0.50
NecroVisioN Lost Company,0.50
Introduction to 3D Prop Modeling and Design - Viking Armor and Weapons,0.50
FRACT OSC,0.50
Woody Two-Legs Attack of the Zombie Pirates,0.50
Nexuiz,0.50
Fractal Make Blooms Not War,0.50
Cubot,0.50
Deepworld,0.50
Tomb Raider III Adventures of Lara Croft,0.50
Etherlords II,0.50
Farlight Explorers,0.50
Castlevania Lords of Shadow  Mirror of Fate HD,0.50
Worms,0.50
Dangerous Waters,0.50
Heroes of a Broken Land,0.50
FRONTIERS,0.50
Shad'O,0.50
OCEAN CITY RACING,0.50
D4 Dark Dreams Don't Die,0.50
Descent Underground,0.50
Children of the Nile,0.50
Imagine Earth,0.50
Big Brain Wolf,0.50
Finding Teddy,0.50
Ford Racing 3,0.50
The Universim,0.50
Alganon,0.50
Third Eye Crime,0.50
Hitman Contracts,0.50
One Manga Day,0.50
Mighty Gunvolt,0.50
Blood of the Werewolf,0.50
Metal Gear Solid Legacy,0.50
Zuma Deluxe,0.50
Zotrix,0.50
15 Days,0.50
The Forgotten Ones,0.48
I Zombie,0.48
Rag Doll Kung Fu,0.48
Pirates of Black Cove Gold,0.47
Chantelise,0.47
Crayon Physics Deluxe,0.47
The Plan,0.46
8BitMMO,0.46
Stormrise,0.45
Real Horror Stories Ultimate Edition,0.45
Auditorium,0.45
Saira,0.45
Afterfall InSanity - Dirty Arena Edition,0.45
Mitsurugi Kamui Hikae,0.45
Xam,0.45
Immortal Empire,0.45
AquaNox,0.45
Daikatana,0.45
C9,0.45
Sideway,0.45
Proteus,0.45
Shadow Warrior Classic (1997),0.44
Aeon Command,0.43
The Path - Prologue,0.43
Tank Universal,0.43
Evolution RTS,0.43
Among Ripples,0.43
Copa Petrobras de Marcas,0.41
Samorost 2,0.40
Yosumin!,0.40
Akaneiro Demon Hunters,0.40
Akuatica,0.40
APOX,0.40
Astebreed,0.40
AR-K,0.40
SiN,0.40
European Ship Simulator,0.40
Sonic and SEGA All Stars Racing,0.40
EverQuest Secrets of Faydwer,0.40
Snapshot,0.40
Reveal The Deep,0.40
Gumboy Crazy Features,0.40
International Snooker,0.40
Championship Manager 2008,0.40
Sniper Elite Zombie Army 2,0.40
Alone in the Dark,0.40
Numba Deluxe,0.40
Montague's Mount,0.40
Bientt l't,0.40
Broken Sword 3 - the Sleeping Dragon,0.40
BIT.TRIP VOID,0.40
Seven Kingdoms 2 HD,0.40
Lost Lands A Hidden Object Adventure,0.40
Lili Child of Geos,0.40
Clergy Splode,0.40
Dream Pinball 3D,0.40
INK,0.40
Rustbucket Rumble,0.40
Watchmen The End Is Nigh,0.40
One Night,0.40
iBomber Attack,0.40
Lucidity,0.40
Dark Void,0.40
Violett,0.40
Fork Parker's Holiday Profit Hike,0.40
Invisible Apartment,0.40
The Cat and the Coup,0.40
Pink Hour,0.40
Psycho Starship Rampage,0.40
Still Life,0.40
Razor2 Hidden Skies,0.40
Turok Dinosaur Hunter,0.40
Rise of the Argonauts,0.40
Reverse Crawl,0.40
GUN,0.40
Particulars,0.40
Battlegrounds of Eldhelm,0.40
Wrath of Athena,0.40
American Conquest - Fight Back,0.40
Super Hipster Lumberjack,0.40
Jolly Rover,0.40
The Vanishing of Ethan Carter Redux,0.40
Swarm Arena,0.40
0RBITALIS,0.40
Faces of War,0.40
Codename Gordon,0.39
World of Soccer online,0.39
Serious Sam Double D XXL,0.38
Painkiller Overdose,0.38
Tom Clancy's Ghost Recon Advanced Warfighter 2,0.37
Passing Pineview Forest,0.36
Larva Mortus,0.35
Lineage II,0.35
Shadow Puppeteer,0.35
Commander Conquest of the Americas Gold,0.35
Aces Wild Manic Brawling Action!,0.35
Famaze,0.35
Cloudbuilt,0.35
Aberoth,0.35
Savant - Ascent,0.34
Disciples II Rise of the Elves,0.33
Subspace Continuum,0.33
Chaos Heroes Online,0.33
Total Annihilation,0.33
Avadon The Black Fortress,0.33
Wasteland Angel,0.33
Haunted Memories,0.33
Grand Theft Auto,0.32
Victory Command,0.32
Dr. Langeskov The Tiger and The Terribly Cursed Emerald A Whirlwind Heist,0.32
Game Character Hub,0.30
Aqua Kitty - Milk Mine Defender,0.30
KAMI,0.30
Feeding Frenzy 2 Shipwreck Showdown Deluxe,0.30
Games of Glory,0.30
Driftmoon,0.30
BloodLust Shadowhunter,0.30
3089 -- Futuristic Action RPG,0.30
East India Company Privateer,0.30
Take Command Second Manassas,0.30
Thief Town,0.30
Romance of the Three Kingdoms Maker,0.30
Leo's Fortune,0.30
The UnderGarden,0.30
Second Chance Heroes,0.30
Season Match 3 - Curse of the Witch Crow,0.30
The Yawhg,0.30
Coil,0.30
Shadow Man,0.30
A Valley Without Wind 2,0.30
Original War,0.30
RoboBlitz,0.30
Rogue's Tale,0.30
Fingerbones,0.30
Clickteam Fusion 2.5,0.30
Operation Z,0.30
Aveyond 3-2 Gates of Night,0.30
Red Stone Online,0.30
Rhythm Zone,0.30
Blackwell Convergence,0.30
MURI,0.30
Dungeon Party,0.30
Crouching Pony Hidden Dragon,0.30
GundeadliGne,0.30
Neighbours from Hell 2,0.30
Fist Puncher,0.30
Shantae Risky's Revenge - Director's Cut,0.30
Asteroids Outpost,0.30
Organic Panic,0.30
Pacific Storm Allies,0.30
PT Boats South Gambit,0.30
PC Gamer,0.30
Death Skid Marks,0.30
Ride! Carnival Tycoon,0.30
Legend of Fae,0.30
ENKI,0.30
EverQuest Seeds of Destruction,0.30
Colonial Conquest,0.30
Eurofighter Typhoon,0.30
Etherium,0.30
Diaper Dash,0.30
Necronomicon The Dawning of Darkness,0.30
Wolfenstein 3D Spear of Destiny,0.30
The Egyptian Prophecy The Fate of Ramses,0.30
The Collider,0.30
The Bug Butcher,0.30
Lamia Must Die,0.30
R.O.O.T.S,0.30
Trucks & Trailers,0.30
The Entente Gold,0.30
Gundemonium Recollection,0.30
Another Perspective,0.30
Chrome,0.30
Pyramid Raid,0.30
RACE Caterham Expansion,0.30
ProtoGalaxy,0.30
Escape,0.30
Maszyny Rolnicze 2015,0.30
Puzzle Bots,0.30
Adventure Time  Explore the Dungeon Because I DONT KNOW!,0.30
Sublevel Zero,0.30
Frozen Free Fall Snowball Fight,0.30
Ghostbusters Sanctum of Slime,0.30
American Conquest,0.30
Kill The Bad Guy,0.30
GASP,0.30
Angvik,0.30
Electric Highways,0.30
Condemned Criminal Origins,0.30
Coniclysm,0.30
Probably Archery,0.30
9.03m,0.30
The Way of Life Free Edition,0.30
Battle Battalions,0.28
Bionic Commando Rearmed,0.28
WORLD END ECONOMiCA episode.01,0.28
Space Hack,0.27
The Ship Tutorial,0.27
Carpe Diem,0.27
Pink Heaven,0.27
DisplayFusion,0.27
how do you Do It?,0.27
Wolfenstein 3D,0.27
Color Symphony,0.26
BIT.TRIP FATE,0.25
The Old Tree,0.25
Myst V,0.25
Serious Sam The Random Encounter,0.25
Deus Ex Revision,0.25
War of Beach,0.25
SEGA Bass Fishing,0.25
Tom Clancy's Ghost Recon,0.25
Firefly Online Cortex,0.25
inMomentum,0.25
the static speaks my name,0.25
Vertiginous Golf,0.25
TDP5 Arena 3D,0.25
The 7th Guest,0.25
World War II Panzer Claws,0.25
Running Shadow,0.24
HIT,0.24
Let the Cat In,0.24
Fiesta Online NA,0.23
Arma 2 British Armed Forces,0.23
Dethroned!,0.23
Plug & Play,0.23
Bus Driver,0.22
Clown House (Palyao Evi),0.21
Babel Rising,0.20
Psychonauts Demo,0.20
Critter Crunch,0.20
Dungeonbowl Knockout Edition,0.20
Last Knight Rogue Rider Edition,0.20
Legacy of Kain Soul Reaver 2,0.20
Crowntakers,0.20
Jacob Jones and the Bigfoot Mystery  Episode 2,0.20
Kingdoms,0.20
Pretty Girls Mahjong Solitaire,0.20
Quake Mission Pack 1 Scourge of Armagon,0.20
Afterlife Empire,0.20
Universal Combat CE,0.20
LA Cops,0.20
aerofly RC 7,0.20
Bloodwood Reload,0.20
Pyroblazer,0.20
RIP 3 The Last Hero,0.20
Echo of the Wilds,0.20
TRI Of Friendship and Madness,0.20
Monster Bash,0.20
YOU DON'T KNOW JACK Vol. 2,0.20
oO,0.20
Esenthel Engine,0.20
Eradicator,0.20
Max Gentlemen,0.20
Gateways,0.20
Damnation,0.20
NBA 2K11,0.20
Mortal Kombat Legacy II - Ep. 1 Reunited in Macau,0.20
The Flame in the Flood,0.20
Black Viper Sophia's Fate,0.20
Ethan Meteor Hunter,0.20
Without Within,0.20
Haunted House,0.20
Haunted,0.20
GridRunner Revolution,0.20
David.,0.20
Dark Void Zero,0.20
The Graveyard,0.20
Science Girls,0.20
Samantha Swift and the Golden Touch,0.20
Scoregasm,0.20
Hitogata Happa,0.20
Immune,0.20
Ignite,0.20
Tobe's Vertical Adventure,0.20
Saints Row The Third - Initiation Station,0.20
Abducted,0.20
Orborun,0.20
Warehouse and Logistics Simulator,0.20
Civil War II,0.20
Heroes and Titans Online,0.20
Depths of Peril,0.20
Who's That Flying?!,0.20
Westward 3,0.20
Serious Sam Classics Revolution,0.20
Life of Pixel,0.20
Dynamite Jack,0.20
Runaway A Twist of Fate,0.20
Flora's Fruit Farm,0.20
Cosmic Osmo,0.20
Magicka Wizards of the Square Tablet,0.20
Terrain Test,0.20
Eidolon,0.20
Freddi Fish and Luther's Maze Madness,0.20
Commandos Beyond the Call of Duty,0.20
World Basketball Manager 2010,0.20
The Stalin Subway,0.20
Space Siege,0.20
Arcane Worlds,0.20
Oceanhorn Monster of Uncharted Seas,0.20
One Late Night Deadline,0.20
Infect and Destroy,0.20
Curse The Eye of Isis,0.20
English Country Tune,0.20
Theatre of War 2 Kursk 1943,0.20
Waves,0.20
Schrdinger's Cat and the Raiders of the Lost Quark,0.20
Combat Wings Battle of Britain,0.20
Tales Runner,0.20
Chaos Domain,0.17
Metaverse Construction Kit,0.17
Gladiators Online Death Before Dishonor,0.16
The Banner Saga Factions,0.15
Astro Lords,0.15
Descent 2,0.15
Walkover,0.15
Roogoo,0.15
Praetorians,0.15
Darkwind War on Wheels,0.14
PAYDAY The Web Series - Episode 1,0.13
Farm Machines Championships 2014,0.10
Rexaura,0.10
FLOCK!,0.10
Chrome Specforce,0.10
Real Warfare,0.10
Victory At Sea,0.10
CRYENGINE,0.10
Killing Floor Beta,0.10
Your Doodles Are Bugged!,0.10
hocus,0.10
planetarian ~the reverie of a little planet~,0.10
Urizen Shadows of the Cold,0.10
Carnage Racing,0.10
Quarries of Scred,0.10
Realms of the Haunting,0.10
Diamond Dan,0.10
Critical Mass,0.10
Unity of Command,0.10
Battle Academy 2 Eastern Front,0.10
Quake Mission Pack 2 Dissolution of Eternity,0.10
Vigil Blood Bitterness,0.10
Inside a Star-filled Sky,0.10
Final Slam 2,0.10
Hyper Fighters,0.10
Shan Gui,0.10
A-Train 8,0.10
Wildlife Park 2 - Marine World,0.10
Little Big Adventure 2,0.10
Alien Shooter Revisited,0.10
Oh...Sir!,0.10
Tiamat X,0.10
Sandmason,0.10
Ohm Studio,0.10
Final Hours of Titanfall,0.10
B.U.T.T.O.N.,0.10
BIT.TRIP CORE,0.10
Agricultural Simulator 2011 Extended Edition,0.10
One Way To Die Steam Edition,0.10
Huntsman - The Orphanage Halloween Edition,0.10
Electronic Super Joy Groove City,0.10
The Fish Fillets 2,0.10
Dark Echo,0.10
Habitat,0.10
BlazeRush,0.10
Space Warp,0.10
Formula Fusion,0.10
Slip,0.10
Alter World,0.10
D.U.S.T.,0.10
HeXen Beyond Heretic,0.10
Guardians of Orion,0.10
Mr. Robot,0.10
Epic Cards Battle(TCG),0.10
Greed Black Border,0.10
Anachronox,0.10
1000 Amps,0.10